cookie_id,score
ck_315fb710a0e371e7,0.0007528352173322468
ck_a76ee3b3e3e522fd,0.07481703950760471
ck_94c9a4d382689e82,0.03367824996507439
ck_8eaf9509ad9462a0,0.0016343422231416692
ck_9a88a5a989cb5bc6,0.0176937718749475
ck_15239ef0689c1a35,0.02061210158991369
ck_8de69cd219d3b87f,0.27926913948564275
ck_f92cd37022b0ce21,0.018831295665894733
ck_1a3ff7620580a514,0.010314902697722323
ck_397c03aa33a57310,0.1979438613505
ck_a7cf6c3b322f6b7a,0.005117143197789426
ck_c39a9e75760e3201,0.006584166530886725
ck_88ab6d245228c38e,0.0014558675900229242
ck_17733f75ebdea93e,0.005914855296303919
ck_58eb871e8d7bed52,0.18294959278506703
ck_e55b7fa67db1ec27,0.003661372507915785
ck_62f5cfe22c952694,0.010475932990380778
ck_7fbb709a0fe95759,0.0027171787930266754
ck_87abe9cd066a20fb,0.06848728071711302
ck_d58e058b5c553dd5,0.012524277389965479
ck_d27b872648b71202,0.002835116439377371
ck_4b4a3c5b95c55b43,0.001142017398504554
ck_66dd4f4b4127256d,0.0008802439928624873
ck_93cc12703b500613,0.032540894584015906
ck_d28806a2179092eb,0.9909285259167566
ck_0595c2a0c7881e05,0.015539403061145015
ck_50087d8666191144,0.15312510290829817
ck_b08b3f089138c901,0.009483528864367815
ck_fe3b67041dad2dd1,0.003498362663828527
ck_8449a28f7d475d93,0.021942212291323128
ck_8642e3b6d84f49d3,0.008346507611743118
ck_e49b5e4f2f2e79db,0.49491514888034144
ck_437afe412ea4259c,0.10054412382769125
ck_569b83668d74042d,0.34828850993522387
ck_233a487d31c3e631,0.9971250240095579
ck_1fca72e03143a645,0.867974672344669
ck_79205e31223df2ad,0.028588034226180208
ck_9625a64406ea16e3,0.003606875988367454
ck_079bd18dacb704a8,0.15098597076691622
ck_4db6d4fd2b49aa81,0.02315665247422253
ck_0dbefdac0a1868fb,0.002721171116513929
ck_24ff97ad90bdd69a,0.09123791745361137
ck_77f8c5042065d506,0.013108760773694153
ck_f11be8ce05382cec,0.02417472431116281
ck_c9d72140b0389216,0.02099843120153418
ck_69eda24e931fb36a,0.0022644445838105533
ck_ed471e496916ee15,0.005691834454712911
ck_ff090498c4b17ac3,0.0070312880172498544
ck_c3c19d6a0720915c,0.000927167547758816
ck_af02e1817cfa40b5,0.05206029177656697
ck_2df5a9fc87553eb1,0.011777479250466223
ck_4ac918e884cff336,0.03428106957840915
ck_ca149244b54ef3ad,0.0011148131899325552
ck_6babe5b8674ff51f,0.019302353007779296
ck_1573878386886290,0.007110468978226785
ck_3925f8565abb7fe4,0.0047333230720157105
ck_c4de808ae69c771f,0.0018696132182268585
ck_a777c813551281fe,0.013295877135050024
ck_df4424f6dd85080d,0.05737339207367585
ck_85e5494ec20383ae,0.019810768494982995
ck_f71a4094e889c3af,0.008674918542785974
ck_f2f3cf9cd23b2809,0.06559140632314689
ck_18e2076397bcc211,0.070406902893679
ck_c9f9fddef39bc664,0.0535916336479697
ck_7e826e233d6ea028,0.010604975508002198
ck_62fd7eb46bee9210,0.024594240647367885
ck_206f8e3cd72768f3,0.027868132973784557
ck_aa295a11b0a6ab36,0.010415211749953154
ck_9a56739d81f84a53,0.005160203437905003
ck_aa075c418ed9fe5a,0.00988789039233037
ck_62b9fb3db284941b,0.007177872513099117
ck_f4f83b1403ebea46,0.04477099589596136
ck_16b66bd803288bc3,0.23462848715611567
ck_c4ca1434f3778f1d,0.9902163463837147
ck_1b823610371a29c0,0.014387039893287793
ck_c2bd5a722aa637d9,0.01011890104839678
ck_7890208951df34f0,0.029108691919496554
ck_020eb0e454524ecd,0.004679732009970098
ck_3b66196ccf436c35,0.013855493679161066
ck_109fc467ec0a4af5,0.1310868711420716
ck_f3dcd818db92de7b,0.029167984998371237
ck_31e7742f160980ef,0.023426271211982347
ck_77fce5f86f00b8f4,0.08987666105014173
ck_46bc797b4d07d607,0.00316595748172089
ck_37899b1b571b1c6b,0.009171491975124804
ck_ef8a6af43fedd464,0.0036198126697584198
ck_bcc8519fe8521038,0.04803359151039262
ck_90696b7182dd9129,0.007219114324823718
ck_4a24ad61d017e1ba,0.042901926518337775
ck_0acc3d8c67218b9d,0.0067059411080543285
ck_05c97fc9de11aba6,0.12051819669442805
ck_f8ac3a0500c0ec62,0.012138721853960689
ck_617b65141f546a1c,0.007860710726342864
ck_9d00823bf60388d7,0.022787163498439237
ck_123c15d93f1840f2,0.1332797517017077
ck_573feefba6bf78bb,0.0825080158091544
ck_b25657bd16739036,0.010795117390547553
ck_bd26d2bef14a8597,0.005077766335857376
ck_a553418f2fba1440,0.013023296945582541
ck_89f3e380b0686963,0.005182935299812008
ck_b359192aa659bdce,0.04222020456970463
ck_02241f3dc301bebf,0.01845106239350405
ck_5ccc1a1c78cb33ee,0.049516588373238864
ck_349cc5edda1b8853,0.05856827635448457
ck_e9f228845bf6e28b,0.04451034198599093
ck_0a45d033d4e280ea,0.03453071494496919
ck_7e63168dda612235,0.005959867802572952
ck_676fa5f6aae5475b,0.011099807766730491
ck_74b502b20690ccfe,0.021006188329831716
ck_073509af21dd7f5f,0.4404086432355873
ck_498a0acd450944d8,0.002734191112086785
ck_7f15b50b29dead01,0.010398043005828366
ck_8089fe7403c5f537,0.008148482482007889
ck_05b2b04e11d9ae9c,0.01300932049288952
ck_31e70f2f04b48b88,0.002604657623813435
ck_994316fa5a02b319,0.0013814647428462246
ck_b76510998b9a2260,0.022927934250804805
ck_4db95c310e105d30,0.002468006517506921
ck_6f730b77dc6cdb84,0.011050276066444268
ck_2493ee8e7b91d304,0.05018049142228555
ck_92d679d6ac7dcdcb,0.07655446988663969
ck_3a0e0200cbb185cb,0.025902447846706065
ck_0b2eeb4e00ff7955,0.06228999093525989
ck_9843d0e61c37ebe8,0.994047100336956
ck_e61c8721e3ef1921,0.008560849934402296
ck_2e0eedaaf2980c2c,0.013455667913144169
ck_9036b2e5e9298a34,0.008917532303947703
ck_3265442528d51728,0.016091432435326986
ck_f2ddae2eb1cb29b4,0.013442992030564302
ck_6cfa71d27fc27f92,0.018590311213006503
ck_f3199fbe84a28b9a,0.05391678964762001
ck_b78d785ca3ef773a,0.012155765883736793
ck_374865697f1480eb,0.010232628663543353
ck_06d0e4a9189302a9,0.030633714715099496
ck_9c9884b9bcaa552e,0.14017992305219365
ck_fd4cf578e87703ff,0.03735632179205244
ck_1917ef3e6e345549,0.0866178315626447
ck_e70418b00cbbbac9,0.05207755369258819
ck_a60388296a47062c,0.027211719274219472
ck_d598fe8d2c779ab9,0.020377297359950454
ck_646dc03de4c31803,0.8849008698699045
ck_e4fd8cbd842b6993,0.00428872019361241
ck_2225b555aa2a42ed,0.027045098894038243
ck_6be8ae9d78148882,0.013205431188686459
ck_4199342d3aca74e8,0.06807149482783793
ck_779581adb573261f,0.008746425423409322
ck_bb303568b6915205,0.0754608228139973
ck_17c4296276448afe,0.007173146609943486
ck_a60a61ac829252a0,0.011029678422750887
ck_6ea70950c1cae00b,0.8149632297291831
ck_1abb93f6924645e1,0.03959401647187409
ck_faab769cce19879a,0.0337436076800827
ck_d5b8e74e7ca6355a,0.03603800402208804
ck_f11f7691af16ad07,0.0033190720372628293
ck_188fdf2be7c92e9d,0.9909691862231005
ck_4a103f8254b366f7,0.024568217029096454
ck_bfa17a0b1760e616,0.002572989900834167
ck_a4d7f6a5869d440a,0.9762701942163656
ck_58e20f5a3e7f11b8,0.7349279973802243
ck_4becdd3d2696c7ba,0.007368646363657194
ck_dad5cf32ab9f243f,0.013565702148587789
ck_7d9f73dc7c4f90c3,0.20687606912610257
ck_c19371047a2d011d,0.0021998214234785966
ck_247589ff532f7aa8,0.006841919632332591
ck_7a9f241d5f082567,0.008817875352900437
ck_0a2b7078736b4dda,0.007053673977311785
ck_687b412e2aac7eb6,0.010801718338393386
ck_fce0b6855886a0b8,0.020501058554299092
ck_e291cc60920456d0,0.11962400101952012
ck_04219a7ea798db51,0.04604465039715239
ck_286bfd719836e9f3,0.22274180871172733
ck_55efc92394fee232,0.017319337910051344
ck_e36c8da1bd359960,0.03701020905874621
ck_34b0988a97d96902,0.01133806241083509
ck_e0fb11fc9dcb34e6,0.006997220852295035
ck_bcc9cbc9ed8b7c31,0.01790266538125349
ck_3df8da6f60a89a5b,0.012909582050133017
ck_b1495ee5c59a6b28,0.01337799813455703
ck_58f4c3ac61fda129,0.12324972616297755
ck_735f244b99e3aa8d,0.018527894983407286
ck_6b93bd8abf87b1d6,0.9442117935563578
ck_12107dacc6d05bd1,0.0038177335425145244
ck_f96db2a1f3448d1f,0.01807244372838729
ck_8fd91a3c99e19097,0.013050044683464976
ck_910205d25388a0ae,0.0019712485282088357
ck_d229dfa0e4442628,0.002486041763420629
ck_7cdec61e1c488798,0.07152826994784779
ck_f66f06e24ff32671,0.024973833971474665
ck_350bf14e90b503f5,0.012455479921765307
ck_61fff5fdaadd394b,0.00998102438490911
ck_e934f984bad2ff91,0.5168795829288134
ck_ff6a6d3547dd2d37,0.020993075298924406
ck_65ad9b15979e3247,0.012674181248682621
ck_bbe1a2ea5a403ad8,0.21025382764620004
ck_6f3a28eecd2c4031,0.01686374054843517
ck_a89b66665714058f,0.012339699513058307
ck_918c92182b6817cd,0.027674304256843366
ck_64f5eb4be9e7b8fa,0.09831109755396211
ck_d021fd497ea35fb2,0.03139479042292867
ck_004de16f7d8a42ae,0.020460874469688427
ck_a33d2325f86ab12d,0.01960627569176674
ck_89790ff26c844bc6,0.006518994335302004
ck_e6e7257377c37b28,0.07020951836650276
ck_a2cc3910a641a808,0.658232026549766
ck_646e270e0195bf05,0.009433122483973664
ck_baba5d66def0d770,0.07388455508705002
ck_67cdcdda3033842d,0.024479141865112682
ck_b5c3075c811a2216,0.04225792396507323
ck_515379973a8044b8,0.008833061895543884
ck_c0ce85fb4109567d,0.02299817570354752
ck_fef850553862aaca,0.005115645324761567
ck_55d7217b0aff9fa2,0.007755591750506014
ck_8e139f8925ef7968,0.010693902094535536
ck_9e35b908fca1e4d7,0.003383457996901963
ck_59735f4ab2ad3da5,0.023671271632099655
ck_dc569c1167ccec0d,0.5661126439419993
ck_1dade5592f90a15c,0.036880712840540564
ck_793048d11fb8b328,0.1289208357210415
ck_545b71eb4fa594b5,0.0057163117276419675
ck_bd30853e9a57b544,0.03529434104562037
ck_59f46321ecf6d306,0.025396477125951392
ck_260cfe9141d249f1,0.5583244762100739
ck_3365a0ad1a8aa83c,0.004700934976874308
ck_b0ef193195a2138b,0.007586637150501787
ck_0f909705e2e60f2f,0.002914039031626379
ck_5a540b75c866166a,0.019000270613277376
ck_87c26b2f41025109,0.9614187632667412
ck_27acc9f320cda104,0.2798397872643934
ck_a27bc31eecd9cb9a,0.024931266620846056
ck_115d86fabde77b65,0.0017651392644317534
ck_eeca179341d56f8a,0.632186069672004
ck_8e5999c436cf037e,0.0022595004079553798
ck_510e7c5df1f95d90,0.9964025091711275
ck_f1acf73363925958,0.018985875315945037
ck_3c177f5970b68bd3,0.012435032145015764
ck_9cdfaa1c30cc9d32,0.002279197390260072
ck_c8efa1538b37c359,0.015807201951034702
ck_a8a2e296f9804bd7,0.021931071936911056
ck_91a0ca45f429568d,0.029513816942176314
ck_5fdf8a0bdbd3ed62,0.018202325654769532
ck_0f4e2ec66d50da5f,0.003349308219662626
ck_28c53b214b2ee882,0.1766287343870955
ck_003148504557f720,0.08178727329547793
ck_01d840cffb870615,0.26174361867524315
ck_555848d51f4b5f35,0.022593251472707535
ck_df20cc23b8fb8e22,0.015280080593142807
ck_f9604adde929beff,0.005173886281643342
ck_d66952b03591bdec,0.007099877794394121
ck_ddcac1ab765ff61a,0.021348960407664624
ck_347386629d96c664,0.030456046854628726
ck_ab01db9117acfe3d,0.014875487706690827
ck_58e5359efc52e0ad,0.010348507506252748
ck_1a524b5cc8da71b3,0.0643326468316915
ck_e9287b6d909d731f,0.007795359846390147
ck_bb41a66e3d90263b,0.1272834699297551
ck_e95c8cc1864bd584,0.00597613447837367
ck_7a3f2961e9a8b6dc,0.010269051658147567
ck_378a9df82b1e0bee,0.23216434558675253
ck_42633573639a3f02,0.9526503380300969
ck_2a5a4c18c2c7274b,0.015995503170855824
ck_77549c1a41f837c3,0.01372323234615968
ck_a26704b5b26258b7,0.023555872376106814
ck_9874ad160efddf50,0.009412441801371988
ck_9111e3a04b14dfba,0.03575179759348012
ck_651e076ee43aea85,0.004914149878364899
ck_391639c0f13932f3,0.004096506875328513
ck_02dbabda93c8c13d,0.020151006378441107
ck_0adcb1fffcb0a34b,0.02506764714576709
ck_7a43ef9c7b1c67b5,0.0023651623599635933
ck_4b9dd69946438d0b,0.019279771207274587
ck_90bf017cdd37b66e,0.03338213898267222
ck_61c74163eb36556e,0.01904603360682507
ck_13376c59b5bd6943,0.0017660973924049745
ck_62337eccb1672737,0.026775375350687886
ck_16077934338472bf,0.002966901782992436
ck_0d4dfd93086e7330,0.023395447822312194
ck_3865b7525b910893,0.04189228687388086
ck_7e2ae8b69ebd5675,0.004116003219340401
ck_b4384b6c11766ce7,0.012851533864200584
ck_3d7fa32dfb9fc692,0.14626126405631698
ck_f4a6a7cadd6e0603,0.06149048102172169
ck_212525e2828a6c45,0.01390688574872635
ck_33ad8d53394ba77a,0.25687115732249666
ck_a5051eafe8b51224,0.017109142638149187
ck_f65e5ff7da565f91,0.005740395644759629
ck_5c37f7563fa7591d,0.018776746424304
ck_f1e0a006068aff29,0.015060829354055559
ck_c646cdead6fb79d0,0.01194291077722616
ck_f8b3cdffef535330,0.1295100196556956
ck_e5cdbe3aa12c97f6,0.021352858598783258
ck_986e4e61440506d0,0.10061103189990576
ck_6da9c5912e15d9a8,0.01061621146193505
ck_51d842e6dae74c71,0.017166518242971118
ck_5fc65c24e0736d5d,0.7124769338010992
ck_babb95a76c69509d,0.058374367892260755
ck_86a2d852a9715432,0.02640810431103856
ck_db4083a0d043def8,0.22997794987840817
ck_96953b8945b7d403,0.02140801876528496
ck_7831ca5c31fb3859,0.08938665648429886
ck_60ac5e5f375daa38,0.005154373254762751
ck_05d44eb1f5f085ce,0.035084328230411195
ck_432cc19c7eeaa46e,0.02133472923285173
ck_7fc513033af061af,0.25727448513539736
ck_ada6ede84c111719,0.01450899437733399
ck_6343e0d3b1c2962b,0.024254895471605857
ck_010264ae04f2e902,0.13735229483041936
ck_e9dcf535f8c289eb,0.10330646720464352
ck_37143d9cc296e6fa,0.015345827089733421
ck_61fa051192f3e810,0.016677768114193962
ck_f9f93d1d41be1468,0.8313395760586696
ck_c4f4f28457be8a74,0.001265483234269032
ck_323a71f9452d21cb,0.4826439606679526
ck_170f4688e0acd875,0.1134205910119326
ck_869b1878d09d230d,0.29652742391689696
ck_2f6b33bf46976229,0.0013952693043553892
ck_b11e22e75d9b99de,0.0032663732334276886
ck_123d75ffb75b606d,0.009532636243694353
ck_94295287a04c85d2,0.09660522777926712
ck_1b0434f096795328,0.0024600258050042857
ck_0a4e191cd0a57ce1,0.004539761109231656
ck_d2fbd0df99634676,0.008436074010622178
ck_d51df5e9fbbbcc94,0.05981039930097562
ck_2d3d7d64a6f443f8,0.013279717540068906
ck_731943c682c9394e,0.029235553143792677
ck_5ccc0c94e5e1f849,0.017565267738758075
ck_c3476080516db25d,0.037698344660735905
ck_5010ffb1c94187b5,0.0013767670275200527
ck_7ef666d67bc70223,0.018727591457040955
ck_c1b493527224a27a,0.0032848410464084103
ck_5d1e25d7acc5af9a,0.009928460453472074
ck_ec30b61cbf517db8,0.0033706387853478553
ck_79323eb5d2e5efae,0.004179917526334456
ck_4085cd3bf2661518,0.018565507054603102
ck_2ca91214c357c072,0.15408002333181794
ck_7f3132d6be389657,0.07892022412351163
ck_e7a6b925c8f39a85,0.04894478392082972
ck_c886adec7bac250a,0.024711536305609155
ck_c3f360c2d0ea0a37,0.017616034203963078
ck_a7acd5b015823793,0.020492131258030625
ck_9d64187c0800f84e,0.01767824260805212
ck_5d4ed73b9efd7d11,0.012492250538266003
ck_874eca6776b34dec,0.006509782253378457
ck_96a9221a87be93c3,0.026646471196399443
ck_68dd79a51eabf5e6,0.11158887682106765
ck_8311cb6755b2016c,0.009725134433259838
ck_16fc77b2bcf5ec03,0.6919935709902327
ck_ad9e2088a33c8c72,0.0010452661520174184
ck_7176bbc97b1e42a1,0.004604550722277331
ck_80dfa54b30f65fff,0.5429975935092363
ck_31c54d540b128843,0.005666686204555164
ck_43ea894480567274,0.02796077221067226
ck_9c9e8a38bd5a6c88,0.043822114814930806
ck_1c2dcae19539e148,0.056365770450323587
ck_b0fa8b84e94d8ae0,0.015410536372333283
ck_4ceb43ccd0a81c2f,0.00759003012386386
ck_ba845332b730b596,0.0037132775609241154
ck_73d3e8c6077f61e6,0.21521295134435078
ck_b5d0d223ef56473f,0.03283717746435793
ck_949f08f8e80e93ea,0.0065323456586456755
ck_73de0b49709e5f8c,0.003978092225306588
ck_b5935e9722a39819,0.03723605109098021
ck_96247fee0eb44420,0.0036000653105851843
ck_a6def1e4b2d57e0d,0.028583965806828576
ck_aecdc5a96321a2d8,0.013747489361582044
ck_bc61c59970f8de49,0.024392565689717705
ck_c43b4175fc9ac5bd,0.6787921085474838
ck_8ff7a9b23a55fd62,0.011830693079077182
ck_20c99b645f462449,0.00628372254645871
ck_a5ce2ae36fb410d9,0.003052450977250043
ck_96fb9bf556842bbc,0.044227729179774695
ck_b5e4c6dbbed1b773,0.024075971760421613
ck_2085433978e72ea9,0.05284948891462875
ck_2c6b174b063ec637,0.011169898515022376
ck_b20b81b88dabe28d,0.005214282237646818
ck_243c18dbf150831c,0.003312637391579867
ck_2bb6a17e8eee35cc,0.04048472254722135
ck_66147fb994495396,0.25687298683475535
ck_73f124f075ede0fc,0.020282404878766893
ck_2e315f1b1e533dab,0.005680652538642418
ck_16c7bf94ed3e7a6f,0.0009366437843983508
ck_4a0eae220a762ac5,0.019446436831691595
ck_dc16f939c2f44ad8,0.06796659991718731
ck_817926b449754917,0.01739194395168351
ck_0c0dde42ab64ef87,0.021522597026866173
ck_cb3a40594da6a2ee,0.034464618941489396
ck_d0dc156441fcfdcb,0.03857915373067299
ck_66f0945add423e9e,0.005400090344366035
ck_a74f6a3030f5d495,0.06878459797588238
ck_1ae460f331e49ae2,0.02240824497045341
ck_2d177b2f4f0b40c9,0.17865704764203877
ck_92e474e4368c4791,0.031191043152276315
ck_3dee83fa2d109484,0.002380076268779989
ck_80e5ea27848069fe,0.021505997197954926
ck_ed0c4a83701ca230,0.034164818204610134
ck_0b8b7c5c581fd161,0.0015495237679431669
ck_60bf8a2870956fb1,0.014545836197884512
ck_73a54b56a2bf35fe,0.8850134041594432
ck_2296d7a563424883,0.02093702423673499
ck_bc19c383560c7477,0.0655649381725701
ck_861d8e3d88f1079e,0.11024130329054703
ck_3f090fc96c24eb28,0.00660771869484624
ck_9a6a1f8102febfca,0.04639932985023795
ck_541b6ad5d2fa5a39,0.0038402818004996974
ck_a760d38d1bc4de97,0.002781325602901976
ck_7dca4d7ee10b4eeb,0.003418327735457521
ck_15220e78d1545e40,0.01378314496726618
ck_ca24bb0de508efb0,0.007732722944388669
ck_56b389627d8f02c5,0.9867882081744697
ck_48a6754977a44db0,0.01299993495058335
ck_333a43ec339a04cb,0.07258634308223962
ck_f22aacaf86a65d7e,0.031236096622889724
ck_04bd8a1ffaf3ffd8,0.00284694979925651
ck_2737a72de6b700f3,0.08633460916464751
ck_c35e03b0dd0c3454,0.025396079332942856
ck_e0571312f395cd94,0.02610708110689081
ck_09fab6b9825001b2,0.003606692505233824
ck_18c3a095606209e8,0.026424848300299373
ck_2a97db9377d01e36,0.010387426289980834
ck_f29dbbfdd2786bd1,0.010167496190656912
ck_35d6c510ad29362e,0.15889268259503808
ck_5468fa99c945d785,0.013318822753528204
ck_6f8102f62c876cc9,0.04931624915299337
ck_91955aab3424ad16,0.005481429279296132
ck_9a43c0c73a39d759,0.11242255630960173
ck_60b023af6d1e30bf,0.8043092924217052
ck_9704c5cf8659cedc,0.01652714334878779
ck_7e5f02b51b9f78bf,0.18549760615296368
ck_7d3a88d1aa649708,0.9337476443117859
ck_8250eddc1ecb07a0,0.06093150232526442
ck_d979ef95ee44023d,0.025699635151151944
ck_5e5461dac83531ac,0.020405541183055247
ck_d1bb8890081e0a31,0.03445227055058347
ck_32246c62640648d9,0.0011214391542038965
ck_77a40c7d2f862a32,0.038293014561557585
ck_1c8b94efe9238f5b,0.004237611117957016
ck_eaf3b6d11bc3cb11,0.003354084270999184
ck_a4a7ef3ad799c380,0.027635080587995884
ck_d5bd8f68da073cd8,0.009196638274772052
ck_6e6258227fc8db7f,0.0025692730587615733
ck_c35d444e05799db6,0.03243071602819243
ck_74665e1209140ae8,0.021793446923878832
ck_353a272478f7e903,0.014159521608686198
ck_a2c9796ea229a4e2,0.006571092719517638
ck_e0171f91cb3411fe,0.03280740092107177
ck_703499f5410280f7,0.010425207688411731
ck_ae3a763997f8f385,0.030880883943643803
ck_f7ff94c3df5ac874,0.01673027184347623
ck_f3c16d8f747db046,0.02536961127260304
ck_7ef019ed77276496,0.006691918784252147
ck_d6a4faadab58a3de,0.009457753306879842
ck_ba7b78d31d74c794,0.027877043810329336
ck_36287d063350ce9d,0.004335449731278243
ck_5177fc7137ff26ce,0.0015662550995089602
ck_dfd4e79aaa967b63,0.009207415996077906
ck_fb44d15fb93a7157,0.025466826573928753
ck_fca478361870a4ca,0.038474656038751685
ck_e57b94fe57341058,0.04038482680593375
ck_5448c946cc4758fe,0.015127625786091997
ck_c5ece5ffb8800ad4,0.0201499137375811
ck_11cb98211b2ed134,0.8582653358686817
ck_f655399ac75c4450,0.03136927797005279
ck_c817259019588d30,0.025900124386015088
ck_8740a14d8096c6e1,0.019563719658580437
ck_0c5ba86f4e05b38d,0.02165185756989379
ck_ccc917533d4b73d4,0.022272039836771385
ck_9eb80edfa43203de,0.004342192754777191
ck_d1a1cf4cf61d6801,0.02122671777776397
ck_b17c239f160e6017,0.02414541183321803
ck_410c3e13b48e0415,0.005332210290799447
ck_ab553954435e8854,0.8663091192333624
ck_bdbb4230c91e1604,0.04753798549261584
ck_8fd4937eadd64fb6,0.009995461911042293
ck_e0e90b196bef3c11,0.004260568619539534
ck_3dc4d464386f0eb2,0.26017536592580764
ck_51bbbf8f8e8ad005,0.99570892426153
ck_c05737ab74cf03c6,0.050968270148972226
ck_dceabbe04d99afc2,0.004123573058375649
ck_5b86fd14e85bc9c7,0.5090847464963426
ck_d4febf0083800424,0.03437053084614372
ck_77d9f86dcf251739,0.0112413284156462
ck_b4dcebc543deaafb,0.02528694371911778
ck_cb856e75c949b0cc,0.0010589913379163275
ck_61b067de8ffc1ca1,0.062499803651038445
ck_c0e8560ccfd9dd9d,0.006303722856703824
ck_173e1198c341087b,0.012583582645769333
ck_b4d55bc809000276,0.032334220361048535
ck_839bf139296b5cea,0.010938908795704846
ck_78cd402a2a4f2e35,0.005504561002860906
ck_c2925c50ebacbdba,0.006876319519330981
ck_5e3bc76eddbdb0a6,0.0024107614209610186
ck_b7793edca26fc512,0.022972915364325087
ck_d79bdf04d6f31cd5,0.005211898748574163
ck_4b97d19ed946f503,0.022009024422199437
ck_37139b41c5370523,0.039530997708175926
ck_8c346eeefa9ce692,0.024301924995191786
ck_2ab7eddee2d8c49e,0.00882443646325075
ck_29da59ea3bffb9d8,0.06375449850274327
ck_c1d05ef0ec6e4be7,0.008476773431421359
ck_3882423b449f6291,0.8975843295182881
ck_5647030283171ed5,0.7982559788400011
ck_efbdcd9c181e72ca,0.010336823259093705
ck_192fdad892782daf,0.08910877188966806
ck_0bf2e13b9f2601ac,0.06612986967448423
ck_3d6046a533057795,0.04278172164519402
ck_279a1d3a3836e5cc,0.08385470291759854
ck_c375e929becde422,0.009825831843714177
ck_a59e90219939a1f0,0.0077951905735349734
ck_4e9fba1ec54c3ff8,0.023609945394271605
ck_bcbd8588a13f5eef,0.0019196860442937064
ck_5f9a7ff990341bdd,0.0029285239478505126
ck_e0403d507519b7d2,0.0031952479586737047
ck_c9490cb61aff5112,0.032285392189086784
ck_41dd44308e6a665a,0.16016555834408755
ck_76c23726cd7ca947,0.010459473500289975
ck_9be551300209fa83,0.019954306529431476
ck_a98848eec6c9581e,0.01629126091206722
ck_61176dafb33b2d8a,0.5276399305127416
ck_92de019e05971ce3,0.02042963947137454
ck_5d644224135d7c65,0.018392070531288298
ck_c767fc454fa215d0,0.009662329041712134
ck_5df85a8924e11f27,0.02463191995548465
ck_da2729307af06ed5,0.023837998586958387
ck_7c6b577174af7a78,0.017448525785767773
ck_893b8afbe11301e1,0.008175844737594345
ck_e06f6fed020ae014,0.009715639772432371
ck_386680372fb54857,0.012243130112571702
ck_7a7f3c4fe0c9d2ca,0.004787482712235712
ck_f908b527c4db422d,0.06957326167770406
ck_ec2eee6a133e9a6f,0.07056697509186356
ck_d98934f9fe0b02b3,0.002206221706338937
ck_398a1ed77b0130e5,0.010819036981884226
ck_d960af7a55b892b1,0.01590283380476935
ck_4637e54a9f79e2e7,0.0038545760923542087
ck_02b9f418524f6650,0.02914255793226419
ck_d4b23804cebb045d,0.016415037868830713
ck_35b1939c48182a9a,0.007923186188975744
ck_2dcbb71e39d64305,0.04765986863630449
ck_47a884dec960ff2d,0.01696764514664225
ck_71fd8c346fde5cca,0.09638058722309899
ck_98e1992ac8e7d2de,0.09435457610844847
ck_ae7780327e210522,0.015348336793748495
ck_e6c584b4b1ad6d9d,0.008492288325024832
ck_344b2e326a6c3dcc,0.00866891714924268
ck_9aa899a5230b0963,0.04667638906232309
ck_e48d14d5b70ef5aa,0.00955032255447824
ck_59d380a0973b3951,0.01594535477188525
ck_11318f7c041a5ba9,0.013043898319329658
ck_7061786fe2f22f5a,0.03028180229453641
ck_e77529651c416cf7,0.022863700423867327
ck_7f79878197340435,0.012653308336106162
ck_b0a0fb0ee9ebf106,0.006513830901775177
ck_70c7679199776a90,0.020334838096791315
ck_b9facd2210daca5c,0.08791449367196576
ck_9949f53c155b8dde,0.011800638065140253
ck_1c607e24f2c4397a,0.050094478505951494
ck_aefd1ce3ce093cbd,0.0013450442181213325
ck_5a29b7018e43280c,0.006364655514088205
ck_69eb0b2ccfbe5f95,0.011435896776072662
ck_fe037765aa465c58,0.014567227739419828
ck_5e512ef5362a3dd6,0.00540590979686344
ck_544a9e80b7fdc279,0.0046311005236192035
ck_7825494e654d5695,0.026344256629638962
ck_f1f2c3c623553f0d,0.0014197389195219872
ck_52730906e5b461eb,0.9311684709670227
ck_01e0689157fe9617,0.3804161893436183
ck_9da82e567074da9d,0.026881236192879104
ck_6a17384072f904c0,0.0186971859731256
ck_8d84d771a21942a7,0.0032220982858941712
ck_39638880292782a7,0.01946587645612131
ck_7d51c86e0eec72ac,0.026666242429949385
ck_45f4c821c70d134f,0.45189258476709304
ck_0af3c13ba56ce57c,0.005161640241880549
ck_0789a05e061b2784,0.2401269466667723
ck_6ba091eb42ffa9fb,0.1082137392860209
ck_265accb3c5c32620,0.1252778111325886
ck_179039559ff7566c,0.0230247773130745
ck_17c0a6a92b5765cf,0.017097399762594924
ck_59371c9140239fd7,0.018763760307050452
ck_f9c4f8b4ce2691f0,0.022948802061618225
ck_a2637e4872cf4811,0.16803008771261574
ck_1de43fd6c6c22a5f,0.09882445139247255
ck_6e4f31bd108571f0,0.0029477880932372905
ck_da06d97db0b18851,0.002397311524581333
ck_e0346d5081e640e8,0.03290707131052435
ck_c1c7d4e62c9fcded,0.2363674720734208
ck_2595669e421299f6,0.03188093146946596
ck_3b6057d51fd4c7d6,0.002801157646650874
ck_c5f8ab515840a0fe,0.01943838494072296
ck_435cb24538c6f77c,0.031596840719288734
ck_d84b5403da4cea7b,0.034099892359775466
ck_c2b61a98d1c8f6dd,0.836817826223873
ck_c9dcd92b2f836b61,0.12661934704313552
ck_9eb5b3f5f672c2b1,0.0020270319834376316
ck_e4cf189a8d31649a,0.005644400938820174
ck_6b114f2a48152b96,0.003472559242527746
ck_3fb95862b70f505c,0.03991106456136293
ck_7f780f465c29398e,0.014066980895222164
ck_ee387f9da79e67ea,0.052757752638754256
ck_fa3b1e85d27af2ee,0.033150936706392735
ck_e739eaaa7a1822f2,0.027668463093944523
ck_dfa0ac11fcb1dabd,0.0056564058516367505
ck_6e8751b571ea54d1,0.025619274842010143
ck_2d695f8358383092,0.06645388927015157
ck_e7dce27edb700f27,0.010721221498580135
ck_e322da8b213eab52,0.008117740530381461
ck_d0b32e039abb8200,0.007673543679648101
ck_b354003302b272ca,0.013211041744720995
ck_f7485cba392bc294,0.24267955755014708
ck_d6a290ff8362c7b9,0.10906218848503647
ck_c56a44fe315c0389,0.01359655244246655
ck_f77dfe6512eae322,0.03681291335612086
ck_35fe969c58b9e70b,0.08377534988348857
ck_4c518637db2322d5,0.11880316145813316
ck_cb61902798ecc4fd,0.06859512635079516
ck_56e6cfa32156a916,0.00705344156617008
ck_343e6ed2b9d35c01,0.007415819003533635
ck_51440f64f7250ad7,0.04249160907653813
ck_295bca29c34cfe2e,0.09134906937579113
ck_dd30558576b45e7b,0.017608378811634056
ck_3a30132a57181fe3,0.05488793565246972
ck_4a733aeb833406f4,0.02801724745901098
ck_1b0b7c3d35ab1259,0.029391644603812193
ck_962c3bbf27cd4b80,0.08710248173362993
ck_9528e1d6b1707870,0.08998913533381789
ck_b3263e7f31aab45f,0.02146489436538655
ck_e69195a3c885053d,0.0022437696674589653
ck_a907fa8795cd4baf,0.0025308240238597272
ck_205c3405045bd835,0.008705207639409815
ck_e81fc223bed3c46a,0.039611080551277655
ck_363751deae40edfb,0.12690658560620355
ck_6176baea8cbebbb6,0.007720730184142058
ck_633e6579f5c74a5c,0.6649546570285454
ck_ddc11fc481eef58d,0.025210804749424165
ck_e975002c979e12c7,0.08040653638718308
ck_8e039b23acaaac00,0.10632403889097888
ck_1d6990d94a4d2ad6,0.07203579444773199
ck_e7b583acaa3171a2,0.042487647659325355
ck_c0133f60d39b2fb5,0.034037585116005104
ck_7d6bff85e7a694bc,0.006718864102696195
ck_d305b4d82f63f647,0.005069154365490616
ck_22bd0fc71f95e048,0.06716557210176366
ck_9a65fcfc7916f93f,0.001280907697177234
ck_d61c837b0106085a,0.043655149100549726
ck_be86a1db08dea456,0.03454926880642954
ck_90489c405e6886d8,0.0057147836798993774
ck_0add2c321d579d75,0.0230247773130745
ck_482dea6eed92cbbc,0.023374027253080416
ck_c24b47184534cc2c,0.9956613361353005
ck_fa04ac31e596e7d6,0.032255856108007845
ck_084322dc5a3a86f0,0.011488234073696466
ck_ccb72a33cc1877b7,0.024208138298602497
ck_afaf374009d3b248,0.018360116314812124
ck_b53084ffede19a8e,0.0038925493962133732
ck_4760216154c8cac2,0.558202983981073
ck_37ad3a65db673e70,0.016542404950175314
ck_0c2932cc0d553694,0.014619124292726283
ck_86b853c52f20fef5,0.008019614446943659
ck_38703b7546d35a80,0.028941014657576824
ck_218b7e6e6dbd2da0,0.0022570299188319916
ck_402db4184982fdf5,0.03470152950556176
ck_f917c82af80e4a79,0.08331646285566338
ck_3c6417a233c68c73,0.05629755122152817
ck_98068c397d70dd3a,0.03519647788448943
ck_b1cbd6679c0f8d95,0.004645412199069108
ck_9e962f9bb0e7bac2,0.020518423082243966
ck_b08247c3ad567d92,0.4497761918364247
ck_3ef7a03ebb81cfe3,0.0027790031852499186
ck_5d7ae0e3562e99bf,0.1332849536090793
ck_c91a628236baf91b,0.09523023020451743
ck_7f8e816ca51755e3,0.6682632715950875
ck_5aadd286d188f5c3,0.014030549770274044
ck_a037aff5f8128c73,0.0041903090404455424
ck_5df6529ce8290906,0.00805050793688357
ck_5f3609511443e5a8,0.0077530990681837905
ck_a6f61864fac3c8fb,0.010677379137289686
ck_2733fc6ba23ae46e,0.022711875767396104
ck_22bfb9246646eb41,0.7168067263842051
ck_bfc2a57d8fd1610c,0.2418180362289952
ck_49839e761d0e74e9,0.01264075557852791
ck_aa4ba931dd37481d,0.006551447090037126
ck_2f9fa0d61829f815,0.009328029911898617
ck_5b82c774df10d49b,0.003042655904591014
ck_411219470d0a195c,0.0174923404080475
ck_d07485ba10514a2d,0.27475228617416614
ck_219bef979ee21bdf,0.0019149228836759728
ck_eb1006e7285184a6,0.03114216955310226
ck_fd242b18575e3063,0.10666381754809173
ck_95188150ff059c70,0.12306136265486384
ck_a9ca2f447b984a6a,0.014847803858402777
ck_2dd39723c4088b64,0.030232100971746136
ck_aa2b4c662ff213b6,0.038855456270813125
ck_1867b1199c864db5,0.054682278295009046
ck_850ec97a5a0dab9a,0.03019403584799858
ck_562320295fa35875,0.012698658868044966
ck_bab5759b07fe2bea,0.004854531732337694
ck_b9f1465d803e57b2,0.06187797657126714
ck_8f21f2690c32c691,0.0519188730160578
ck_df87d6f61a63eb21,0.005864174767057607
ck_770475876d0e7e6a,0.0055344405672468865
ck_b4c014d5c0cc9eb2,0.004669043858991738
ck_3add4d23124c9290,0.004991524568894758
ck_bce5b7fecfb6264d,0.1724013617390376
ck_604c17cb97dc89be,0.049863704705775135
ck_e52cbcd9aafd26b2,0.010549713246934623
ck_0ac9114076f5bf3d,0.017560310409818453
ck_dcc125b178b79566,0.0017605794261341312
ck_4e333c09f0c37dee,0.02138218989432499
ck_ff7e31ff8ba731e5,0.009753094734904849
ck_8d0532d24f1070d1,0.0014872617625351656
ck_3689fa41748a6f6b,0.147025567594601
ck_7509eb97c1948b16,0.0084097872034034
ck_a9161cf1ca22a6bf,0.008715944581574866
ck_bed3e3db135b782e,0.020503898656102013
ck_9040edd974ef8e3f,0.49610694447577497
ck_fac32d76ed40f683,0.021755543231305813
ck_3d7b1078e2d57c69,0.003493366385166517
ck_dae09c4e074af5dd,0.02259990988777895
ck_fd84507228467b40,0.04878456275992659
ck_e2a2ce9b8cf44c63,0.010331886295443503
ck_cbe716f351d660d4,0.012952356913536547
ck_cba4162ef29a6d27,0.013814571247182494
ck_4f1e962ff8a29732,0.0062552105993969685
ck_39a81899dded61e4,0.008254279653081975
ck_25382331551d22a5,0.03528064716897035
ck_6d64e1c07b19856e,0.00600548595307608
ck_165a868bdef28ad3,0.044053417450010054
ck_88774ae52e30e877,0.0195241063999581
ck_fc7a9d0643570053,0.003541544035642357
ck_c2017120b3b88a46,0.005075648499268252
ck_d115ac6b9fd62a7e,0.016697971391762698
ck_439cf7d51ec7de0f,0.013110774636195486
ck_2468a7e9e68a0927,0.015816412913352316
ck_7c418947124dee8f,0.08544529458641319
ck_fb0cf32c4a56f740,0.026921747604190062
ck_694eb6c43193afd4,0.009753787974010622
ck_993beb188dd4abb6,0.01638386364539359
ck_77fa39d3b733c226,0.04665607153032786
ck_49969a9abc47cb69,0.02708935518161537
ck_d3f44bbe2f7e9b2d,0.04808508749522183
ck_fcf5b8216d0c18ef,0.002169384307869979
ck_daefe1e2d2bc362d,0.0035597426969017558
ck_9c9287cb28950eb6,0.032850958063261756
ck_c1d1a625b885a975,0.023540345559661478
ck_71b37fe47490b4ba,0.007886698732353745
ck_5d16e257c0635f7e,0.21903117051242688
ck_15918075563eb074,0.0020089322887490036
ck_9a15fdefc47e8d11,0.009678411244552728
ck_6f04d047d1dde75e,0.0011606517939999302
ck_1af2c0b3b8d202c1,0.006963873448955878
ck_174be2231c5fd2b6,0.002816725017644076
ck_bb0713a2a1d65982,0.017153300486628578
ck_0daec63bd5b0729d,0.032099484807814854
ck_c0b5cc3e8ad2ff44,0.07251509946576547
ck_35bee1fc12664644,0.12916648100900413
ck_a1c7cf63467df4c2,0.0026940048418661786
ck_ecb1e15f0b185ceb,0.05869549275021701
ck_f280d31f54a4710a,0.030541155238441888
ck_30f4b2ee8abe1342,0.26845843082725274
ck_66bed631354de5b7,0.003730475403492873
ck_c2d3ecd7278eba2c,0.001939502634573799
ck_e901dec0e09eccbb,0.0023786925513673857
ck_5d038ecb3c8748a3,0.016850162857285186
ck_283c5bea94b21e80,0.005527678652335566
ck_7956c251b85f009e,0.6743866238748462
ck_9f5f81d771146aa1,0.0012889835417367198
ck_9323e6fc1e168eda,0.7309226576080082
ck_10495d3a635b8d69,0.0773553835159407
ck_1982d571cd36eb0c,0.010721087276423602
ck_4f5d7985bcc2eda4,0.004341934366620954
ck_7df526b2b4410bb4,0.040197878499673295
ck_dbb498b1a346a402,0.0022793100618435235
ck_ef059997563e3330,0.014604883917909739
ck_02ec4e06709e6b82,0.003064987781312572
ck_9782c86ba6485f88,0.001677994966564335
ck_d69de468b44143ca,0.009538763730300055
ck_6430a8792f400e0a,0.009898306517818279
ck_8285bd3c90af94f6,0.015911587267577583
ck_985c9ca112000e9a,0.07711782491098128
ck_e679fbf4f4f4aa07,0.010408664267581875
ck_016e8c8eaf9d511b,0.07699138815083839
ck_bc996c523944644b,0.023943247253534656
ck_5b8315726f6204e0,0.013481426810743102
ck_78181f8e998e442f,0.003439713824402565
ck_71c68dfd011dbbbe,0.6193736059836996
ck_db32c95ce2b6f502,0.9127459285255609
ck_755010362a9b1bc4,0.004656322482587043
ck_114141d85256c9ff,0.0012795599798284551
ck_9d1a5cf5a3b87e48,0.013294922948498914
ck_ab640420858ab5c4,0.21208050983926593
ck_97a8dac48dd62488,0.18866178452026777
ck_879cc3166fe1bada,0.0031524812298146885
ck_b0ed11080076e381,0.016101277975318126
ck_7334a9ec656263b2,0.014680356544091534
ck_6494f0ef13ce44d9,0.01629421447098413
ck_724e459b9ece38f4,0.05286141297137455
ck_7fd8b1470401695f,0.5189783959277188
ck_292f81186358b0fa,0.010355180574026682
ck_fa7de64d37287615,0.044442172882681194
ck_d00e09e66ed6458b,0.1903032797469642
ck_b8d210e741be186e,0.004960525056204341
ck_3db59982cbae4410,0.10462021713470979
ck_69887d0a9aaca6df,0.0019478915184303984
ck_4feb21e2fb0b3977,0.006244648100498272
ck_08c6cc1e143475e3,0.007671907175601499
ck_fe6e168cdbb46b9a,0.08845169121339688
ck_07f1734be7fac56a,0.05578880598900325
ck_d66d59981307db93,0.06742878637667774
ck_f928dba0d587d7c1,0.0030206337258918674
ck_786448fe3004cbd0,0.005663499953570408
ck_29ea329fa40ace62,0.017926735159239204
ck_7ea52b6f27edcb73,0.043247038928691695
ck_18bc51bbf3ef198e,0.04242828740716082
ck_44950df09ff14ded,0.0019424530604825513
ck_c1466b52c0a10b93,0.012013633871048724
ck_6cdac067cc4db5c5,0.04379654378691987
ck_53f55c6e8cf2d432,0.00343467353178956
ck_95945f48453ca532,0.030506187727706184
ck_87cce4126e215153,0.0076622451846121474
ck_1ecd5516c92caa4f,0.0012249983948974356
ck_819b482bca14c068,0.24753965574348957
ck_a61a879dd46fc9f2,0.01500294871378231
ck_af70aa32c009c3c9,0.01809492932253085
ck_f4fe78e249092ab1,0.024241845138218917
ck_12c46bc52bf45b36,0.03687055810774567
ck_f05f5e4b40afa52f,0.042557800350250474
ck_0f8cb09d3f4fc980,0.04779881422783202
ck_80a64a7f0275a71d,0.008999234595035837
ck_683af7b1540a0b22,0.020284046937510913
ck_51fe0b613c076cbe,0.004456530607636762
ck_da1a2450219dcf19,0.06555773958780918
ck_2a7eba01ceba6c2c,0.02769554174170011
ck_4e329e29dfa743ea,0.32405438845546236
ck_0274d881d6db82c8,0.007028939585899471
ck_0af5b7d128035b35,0.021834202756138975
ck_ae0a7be6b0a0ea68,0.02703068101162721
ck_de5bb7a4d091386d,0.160736206165202
ck_2bb7c17168a9d17d,0.013670605014791337
ck_0ffdff7b2f5fdfe4,0.006070555355326846
ck_718a8390b3d42d7d,0.013229930523548277
ck_7c4f12d70f184533,0.0016838736876130416
ck_d3e2c26b8adff099,0.02070795854520513
ck_ac9d3d9754104cf0,0.003627679669216114
ck_3b1766a1d51f8f0e,0.16153903488960253
ck_a9bf75bea912027b,0.026793958331392906
ck_687eab3ffe1f8cfa,0.021919169512079843
ck_25dd0b02af5b2f37,0.04265537931512368
ck_1747fcc466f0ae38,0.004530464975558393
ck_f6e9d14dfb6f3c28,0.028977560494343576
ck_c6a7bbd0adc4d5f3,0.04427841379414889
ck_46656a23f4456d22,0.3335916571928523
ck_7519260415c2998e,0.029093597763933183
ck_754f30ea19df857c,0.03463484657925002
ck_ba88a244d5f7380f,0.026554876724622947
ck_f268416945316815,0.01315412886745089
ck_21860dd2159dff28,0.005200751973731617
ck_7a86ef4e2beaec38,0.0009555334408913324
ck_0414507baeea936a,0.021606742975612717
ck_60796eb60fc3043e,0.00641170519562704
ck_1e0841ed17fe0562,0.013059409972903785
ck_0d641d32658d6e0f,0.0067323216475566406
ck_b36086ae6d87eec1,0.011088757944926843
ck_962e65ab33b5c311,0.8049241250963135
ck_b046a42684468e63,0.01976762530281856
ck_ab3426435b0017d6,0.04676337286300012
ck_fcfe06e44d09a344,0.08666110916805825
ck_0f6d916c92189516,0.01972720747848374
ck_d4c8f0d957c3965d,0.027247374782695954
ck_2ca83dbd728af019,0.0020661846365343413
ck_2857a4ce9f72fbfa,0.0019956474226730317
ck_a60e6edc48e3d0ac,0.2807754724655875
ck_0cbd3b27063d4415,0.046402019772317726
ck_612089ec90c37219,0.025813958940806313
ck_ec4e597f17f473c6,0.0030336635278927384
ck_1c93cc58f314bf71,0.03302950926171692
ck_2b359a979520276e,0.01246733154527695
ck_1496568ddc3b2d56,0.024705971601937094
ck_41d91dc9f5063566,0.02907769718969685
ck_4c5ff58afe3d7a67,0.0058903431917550755
ck_81709736281fa3eb,0.0030338885249015443
ck_d89abbab3d4957aa,0.01053720741397742
ck_52453401f88935da,0.019607358213872536
ck_a477654d34783e06,0.003706704795686134
ck_72dd0dbdf808cb00,0.0648921172228543
ck_c183dff3781746cb,0.1540272061203344
ck_c8b7f241810b45e5,0.003367667009275906
ck_f88028c3f306bc70,0.07230143273021301
ck_91d48d69e4f5d9c2,0.0101634773207532
ck_b74b9ba6d7c9aab7,0.10943441302311331
ck_03e904682dc73bba,0.0177835416196921
ck_fc6fed6ea96a004a,0.010257941299618245
ck_51efdd240e34c642,0.02473256377682686
ck_e78ab4ff52b5fd2d,0.011401218349418802
ck_4af7b97c24d89a45,0.03155560612520106
ck_295c0072eca7f7a2,0.017444517868257715
ck_8abd1a50a9227463,0.03644706984046438
ck_ecaa6f13304e3dc5,0.004194184085569168
ck_de436e7b319be1fa,0.9951387091629547
ck_c802cf8f61466027,0.0037249774761898883
ck_3d83e0a3c1cfbf8b,0.025021354843347516
ck_28d2003c2d16e4b6,0.002190726618463106
ck_8ddaf745bbb9cd62,0.0015071074559680664
ck_493b6256091014cd,0.04407975693708094
ck_a2245822cfea997d,0.00219121780050701
ck_f7305b3c64cf8a03,0.04858004203569344
ck_9937dad93a0ed3c1,0.007464833300533099
ck_d654449f9231ad76,0.011038920976326031
ck_850e2b59bc535490,0.058098662549952815
ck_e55e5bdfc0242aef,0.036243923816034834
ck_d35c51e981b98c5c,0.006647451578549086
ck_27cdf9c5e6f0915b,0.026985987483634715
ck_d328db1e1052d820,0.028967136667984675
ck_0ea30eff5f361cba,0.004305943879886843
ck_9994323f97109f4b,0.983580339986087
ck_09054e97bdf9624e,0.00805058782175288
ck_723b4afc388113c8,0.0057008357283964
ck_588f6e6a6a6d93e8,0.013377428981403532
ck_e1d563fab4d6116a,0.012416304031334587
ck_53aca610e20598bc,0.011227204766211536
ck_c8131ddc7ed33448,0.015947260678708823
ck_899f88464305824a,0.05355925618863653
ck_1c17c65804f8889e,0.009391593648232536
ck_45a16ce12893cf9b,0.03079421317710461
ck_f9d481aa4f9b2808,0.8512041991928364
ck_1d5d74169cf892ef,0.026361418854494202
ck_aba32acb61c1aaca,0.08893459754572901
ck_ec4dd3675a8d28cc,0.01529430381428957
ck_5dcd443fe0bbdeac,0.002965847781194854
ck_3a47e3f54475e854,0.005604403986143165
ck_a9aa5c344c315532,0.041593582425970325
ck_9652283c9f61fcec,0.002581579516102698
ck_752dd3d2487f78ea,0.01798379119124994
ck_a821980ac4db9943,0.20704926028589254
ck_93e0d6befb67f7a1,0.06669431157669004
ck_e7a3881c3e36bd51,0.11406537857561315
ck_12631b78f8a03df2,0.0019366741415097458
ck_57b8226610b48854,0.007442176088477012
ck_352657008983fd4b,0.026373934065467123
ck_0841a5c24fd3dd28,0.01858396127952298
ck_db9b9d5d30f74070,0.06568905633674858
ck_a9dded7f6294e44f,0.042996990786245005
ck_91a16336ce3217dc,0.022960803118843263
ck_371bd9388b287677,0.0017180922514673897
ck_f285e5e1912a7c62,0.004753058850616023
ck_368b65fca69fc415,0.04263658007749536
ck_d27a73596b6500c2,0.02900350253559218
ck_2d963f9b2c4d11e1,0.055225827458818176
ck_7c500e219af39486,0.014001581472801549
ck_7d025dea5951cba7,0.010205683426830826
ck_32f632706608859e,0.006666719683076127
ck_53816231f3ffb48d,0.006986803097279506
ck_9dbe184e81c1ca8d,0.12169337040664671
ck_d74123617f22a21e,0.01093997808981504
ck_275386782b1606f8,0.004664295721731791
ck_0b0e79d33e50cba5,0.005886656777070909
ck_ba93cb604f792915,0.02701072424073273
ck_a86cd653472eccbc,0.031174722560011636
ck_87771861e0447210,0.2208633691840986
ck_212380e0371d8a6d,0.012892358265348982
ck_ef0d702d7b0ed745,0.0028854977918990597
ck_2b8f33e22f939372,0.8526813608460477
ck_480347ad92037105,0.03806018398195373
ck_20124c3a16c53ce4,0.01560084189682286
ck_c9e1e3229baae708,0.028475656019435604
ck_b1befe967f7a5ebf,0.0557291385089395
ck_4672167d7c989bbf,0.06198203377217699
ck_f0c44ee5e3a42e3d,0.03351671565131099
ck_c416357d20238a4e,0.024318374063261584
ck_d0f470f8078c91df,0.016659573472110143
ck_3a70b4ee59084715,0.014405791360060287
ck_179ed66cdfc1ce27,0.004973740800020794
ck_387e5a7f163c7837,0.03309166268458752
ck_08fb463e69f647c8,0.9856707444836238
ck_732f725747393ec8,0.02621776883279867
ck_7cc5e0fa3ca5a713,0.005041261283569673
ck_ad4a4daa826ac68b,0.03166826576009327
ck_472e0be7a3b533bb,0.025900767092837236
ck_7190177963eafdd9,0.013567360248867025
ck_647ac26c5900f082,0.01100702782677862
ck_272ae2179bbd8e58,0.010519581096581907
ck_09b0d8af304646bd,0.0018740398906988728
ck_ca0cc8ea9f344408,0.010239552799366537
ck_332ad134fb909869,0.012080913583860093
ck_fca2798914627dc8,0.04962283098525529
ck_4450b55f462ae134,0.004493565925945202
ck_d67d9dfb60b286b9,0.0042506289869690085
ck_a9d2bb4f2bde7052,0.008680866107039406
ck_929bcae878a3ecb3,0.5923487442634423
ck_59a9e000fa275e1f,0.03333891311979471
ck_57f17254e2688637,0.022946227899740965
ck_0508908697f60ce3,0.2294763969436735
ck_946afc2943298d26,0.003452226388052154
ck_7176d12b18f2cc0e,0.021055756642957456
ck_5c47b49c26cce286,0.043134877511709344
ck_b6a2bdb2d335e1d0,0.9924619539107057
ck_1d58f6caaa4d012c,0.024632371105046486
ck_71c917295020ccc7,0.00490777913424993
ck_bc89644ae3688995,0.01547866002429404
ck_e7c212f16d6df272,0.01669360725109943
ck_c6d2e11a368184e6,0.009537902560521994
ck_eed7f1f7548df15b,0.012056805979316574
ck_75b69034000ca7bb,0.04370188055772064
ck_38da3bf629458682,0.012501044859880342
ck_90114c891239d821,0.0021421752411279024
ck_8ee08f6777cc155b,0.02817777229781685
ck_bd86132499defcd0,0.021081117664210947
ck_b95fbf2b5640aa82,0.014497208053346622
ck_c530235393360e3b,0.03517780486783086
ck_be52a7ec43241ba4,0.05145484489729578
ck_d96eb3cc55f2772f,0.015013982856209522
ck_dd34f0a844fb115d,0.09079658920535195
ck_17cc7b411f448e66,0.06611282982163488
ck_856ea65fa27d06dd,0.03671335538984663
ck_056d5f0301c30902,0.09841071825822324
ck_e662b14b2bab23a2,0.14900117204301827
ck_209f574c8d92274e,0.024329969737294486
ck_62720b81617896cc,0.0158929140009439
ck_041614694b77e599,0.01132133078229936
ck_461e3f7b97db8d16,0.04383580113982758
ck_1b74b798eebeabdc,0.023186383399463238
ck_0ed2739384f1d644,0.004748914262185365
ck_5a4d19f1b83feeb8,0.011131170726441543
ck_463937167965a1f8,0.026271206896346894
ck_9d7151dbdf100e0e,0.0501359108786668
ck_20a7d1ce6cc27312,0.005315918900170896
ck_6031211ff118cf0f,0.0031155758762833555
ck_a6fc92aa91e99b77,0.9548656076046764
ck_0aaaa9d2f75a0518,0.07495297920710388
ck_ec26e327cc1848b2,0.005754183268607403
ck_0e6bebf8ae9b9b03,0.02159928966158481
ck_e107537a4cb738f4,0.01611781944974129
ck_e8ea56e122a5a487,0.018223438775809748
ck_98149ed45d38c4d3,0.0361350960623514
ck_0e719b3a6906b8f1,0.0014199664940773046
ck_0c6e7bd357e4a348,0.002578937236950821
ck_d3b2b250da61db19,0.9265641344229975
ck_8bb6b0a292754576,0.15014398655826777
ck_87d70f5fe48a6128,0.04748166215516941
ck_ea9edf9c107d429f,0.009710823741935723
ck_059806c52cebe4f1,0.24828582602664145
ck_a72d6df666e1c21c,0.021694254375925884
ck_1d2b80ab6c4944b9,0.0069734468936182925
ck_60557f077abc42ca,0.1332752982772392
ck_e5f5cb7dd6ce4a37,0.027801456747202653
ck_4c4a939154446053,0.001806321272074618
ck_50ede3eb561a202c,0.020739703877331987
ck_6d03a542922b2ae8,0.010779308333551835
ck_d6fe761ed0db3270,0.02357056755195064
ck_7f0cd6ea3096f985,0.0056480540245346595
ck_23edb6d938a3b87b,0.004822953407581275
ck_799aaf9f2b9ef621,0.01546867396598481
ck_f8f6a03613b6dda8,0.002469818973327423
ck_7cffb189f4f514ec,0.9641531835511786
ck_c081e1967dcd811f,0.03306444348404092
ck_583d6ca78c97d91e,0.33104172200258364
ck_9332bbc7125219a7,0.010251014471870408
ck_956b5af6d7d86c65,0.8687985031698566
ck_2d634e3f24681c0f,0.0343290652248356
ck_7b35d218ed0c5a60,0.015699507187980168
ck_ca5b1057f8248f73,0.030742088309451607
ck_ec5ea81cf813597c,0.042194215693111825
ck_eaebaf4d28400fb8,0.029554084575922596
ck_ae2ab6be219219aa,0.005830544995995316
ck_d99a8b4c820eb46b,0.006478018837174977
ck_bcfb7ffb7cd428bd,0.012543922118630056
ck_3dd542c2d31be2c0,0.02564870849139635
ck_c7dd84401e29a7fc,0.002637769216111373
ck_c4bcc7cefd40f8e2,0.0016992288365535668
ck_c251898b5d51e3b0,0.033226129370306196
ck_36d37be780c1291c,0.004536745368319189
ck_99b4f266b61ae7ee,0.03531814124080162
ck_c37f03995f0f0169,0.005075031567230372
ck_65a23ac8e44eb901,0.01075727356067797
ck_644b1c1149eea9e0,0.026365975510826856
ck_9cf44eb0237c2429,0.009891142535567684
ck_20541686a94fb71c,0.04395031312608306
ck_c18245be844680f3,0.007493955540842054
ck_56de216eda6b7fa6,0.0016397564366107044
ck_406c4442dee45cd1,0.0021479782881467873
ck_df1585c7d72a96e0,0.004249264284059136
ck_b8e8dba20676d87b,0.041957595747250984
ck_0ee6965e68efc177,0.015284416518646256
ck_c2a5c54ad8d0d297,0.028969455311980204
ck_bf6fb7e6470e95cb,0.0013138583965451207
ck_27fa694569140345,0.0013755488611063126
ck_e04166b0ce66393a,0.01118178822209297
ck_8742114f4f0cb22c,0.14510919746851147
ck_6eceeafd56b42576,0.18222104614826096
ck_34f9951b0eca1965,0.036958799819948915
ck_384ccecd342a24ad,0.0067139230330401835
ck_49c98bebd1338879,0.004985745744404673
ck_6c26c12071c91ff6,0.0054640517618827385
ck_01e5986ebb9a78f1,0.01988566740188537
ck_121db7ba3be29ee8,0.023193034278820083
ck_039e6d5a330cea1a,0.11860349818986364
ck_ae8c9163cf957d7e,0.013433742674418029
ck_3f5e8f3f1df0c8c7,0.06483292253574496
ck_b1c51fdafcd80122,0.020578060766277884
ck_12e2b5ebfe8986b2,0.005936315706236131
ck_d55eb81a4d543c59,0.016726412706607314
ck_f85155ca5c312c7b,0.024579075346697836
ck_133d8a1ac7c0e301,0.9791462092286737
ck_04212a9bb9b28696,0.9917819957190382
ck_4cc11c7d3ca61f73,0.008890881185770413
ck_2df4854186ec515b,0.010651584317043205
ck_aa9b28e7fc43af79,0.4811591983130283
ck_47cad6c3def4c9e4,0.0036926410288275276
ck_fbff7b5da8111567,0.008833135860795703
ck_bd25ea782e375b22,0.028610508029212157
ck_7989376f8cf64a9d,0.018826180535503313
ck_675c0ca1ebb1051c,0.01080083307123802
ck_1436f6e11d4008f9,0.021216687301271245
ck_812cb3a4482cc618,0.02638167022296141
ck_6e606f73a1094afd,0.013053090121223382
ck_1b708e2a4a0584dd,0.026632365353868714
ck_a60d6b324bae0330,0.02340201938790416
ck_706a4f673a9fda3b,0.5455317677848529
ck_a75ece9a9044eed0,0.003631648925629973
ck_9aa45c4e03c8c57a,0.029013175814569674
ck_9fe9bdce982b312c,0.04409012000490724
ck_c6fbdc5ba68a8466,0.024168603817508644
ck_ed0cc1b1c28f9511,0.048113362213948734
ck_a4e2607b4c8021e8,0.002501700693663678
ck_e02f93f51cc8caf3,0.0035420385132508875
ck_7084ed3cf20781b7,0.033166344175560344
ck_cd4c63155570d6ea,0.005805478817865423
ck_d1b9e5d32d2d789f,0.012564788225451757
ck_68f56f6560a7a933,0.004168019051605596
ck_8bedacc6233c6269,0.03556405515238273
ck_ab7cb50407d6b13e,0.03832623332999174
ck_f17ed7e0fd687742,0.06186471200753694
ck_b0fe4b92fc70f72c,0.0014805203237309163
ck_84d62b8196da2452,0.025026021559688798
ck_9e298cae167f4693,0.006871195747453502
ck_405b20ef9ad0ba5f,0.20686207144131466
ck_813e02e1ababd177,0.02757191868636637
ck_f234ab47061ba7c0,0.0024419306970622397
ck_22b587c18363899a,0.022226486146752784
ck_4e862c2f48c38aeb,0.004605639452520079
ck_b89cb90a420c9075,0.011934618269710312
ck_be2251640f27a3c9,0.13713213594023022
ck_46bec0bff167ed3f,0.020723749531170114
ck_c0032232c2868328,0.008695885036352213
ck_030cf09525dba4ba,0.004076794687026713
ck_6ecf56236789fc09,0.9376562043715388
ck_38d4ed52cbe6d123,0.03904603496620193
ck_2d923d957ffd4d53,0.016307410350233975
ck_3af1eb88728ed8c7,0.02083446256722111
ck_2f8120ca80a1592c,0.006461560852392639
ck_6cabb1a133f0b151,0.01824038057850526
ck_bb6cf7e7b707731d,0.8327854867538693
ck_c8307fecafa90140,0.021613427823496366
ck_75f968be67f46d24,0.05254272204249642
ck_df6fe4ec5a233213,0.009218614645770711
ck_b53e88c0e927d896,0.001790819387237761
ck_f0093064aa28f4d0,0.02679638396927587
ck_ec9976cabc63ff92,0.004426012772795551
ck_30dac0a58c5590cb,0.08391632548359466
ck_348a525791ae6475,0.07292543545189764
ck_b898d912d1181ef9,0.014583993053453495
ck_f5b1200dc6f95760,0.01829807391720167
ck_54978a073e7a0b1a,0.006739646893249876
ck_55933936536a4071,0.013085002942661976
ck_d6ba7ffd2ae08863,0.02191583846062668
ck_404e2217fd87fdd2,0.004594981257763717
ck_dfaafdaefa5716b6,0.07369316156809301
ck_556c62e92d4e7e5b,0.07265751634043865
ck_7ce44f4e06d58111,0.4013505435322646
ck_465cb8ce232c7670,0.015508250817372556
ck_237508ca4fb37268,0.13934859952716658
ck_ba4a6b9aa63964ef,0.02967321299324244
ck_4802a0a7a1882c88,0.5220075221769165
ck_9478dfe4114c30f6,0.009935978811784908
ck_5138f6c575dec64c,0.017497690284426326
ck_aebb42afe430e2e9,0.010223537293809929
ck_004efa95555437e9,0.012412744611311583
ck_11af112667c98394,0.009830196125206126
ck_44e9a18a8645c9d3,0.002805135568564769
ck_2605fd571219e28d,0.001349943702924786
ck_dfc933493561d84f,0.010085216576390648
ck_67674348e68d1f25,0.015209859993387457
ck_dd97429277a2fa00,0.0692827208168631
ck_d3eab7a06eb48348,0.03185863515777691
ck_0b9fcff9667ec05a,0.012723472378478345
ck_fc4bfd6e739bddea,0.0031607240365405334
ck_43292f70a03ddf2b,0.036834748021251085
ck_5ff6108056a3fef5,0.02143913315656394
ck_767e0be086b5f601,0.04759728003790356
ck_b8465b1a5666155b,0.06992009892609488
ck_ab2e3fc56f5b3aae,0.0717972390203224
ck_1833c81d693c1e07,0.9466641305695854
ck_0308e0602b856445,0.004091704785656027
ck_ccbdfe744acff8bb,0.007021286762151865
ck_b294aa27a0b586d7,0.002249903953457622
ck_a3747201f377626d,0.9820201051190379
ck_edde1d7d1db24725,0.03300251049645958
ck_ae3b47d6e1063704,0.012617250567349062
ck_3aabf5e0f4defb41,0.009584768161909321
ck_f034adb57391f3d7,0.03911603169678638
ck_533672fb40531607,0.09321929831088305
ck_2a244f1ae08ef83c,0.035549664013576544
ck_a35d81bcc54ece2f,0.007321788471704321
ck_78a61215675b38f0,0.009726649887550386
ck_e013d88ea7939616,0.02928518395383477
ck_e5018f9418e0102e,0.06918010971525282
ck_d4e024fcda401a31,0.004090596016756398
ck_f736cffbdb82db34,0.0016042607507254325
ck_1507f5aa50cdf3a0,0.028523855778070525
ck_18270fee7c8fcee8,0.0057406190021366005
ck_95ffa1a805a1c9d1,0.0028907794916853535
ck_11132d245b94d045,0.00520050140910978
ck_7b93a622e40d8b14,0.023429589801423827
ck_3854c08d17704347,0.04530005099877714
ck_7717fcb100dc4b5f,0.029958434829182465
ck_ba54e0a1c328119b,0.42563658243163316
ck_a7afdac4ecbf2de4,0.7204469174126558
ck_ecfb771ed2352085,0.007883299742628318
ck_68be4fefc85a6b64,0.2663036326752948
ck_dac7c50bd6d0148f,0.0033271308832652125
ck_87cf36a03bd63c24,0.050695215606760324
ck_8adb40b168b59d7c,0.04310330648147071
ck_8d2f62930777416b,0.07283380727005216
ck_9958b58da9e3c21c,0.020850139394103764
ck_9440335375701f44,0.024311798957160333
ck_e2f88e202b6f700a,0.03873353538172326
ck_4c7c50684827a2cf,0.006992804513319783
ck_8a6ea4a79b1c7a8e,0.012249020502736498
ck_186dbff4b24a3bbf,0.09816530912822992
ck_220fda3c11c59b6c,0.0688766351948132
ck_3acccc69f8b1fd14,0.06160334831587875
ck_9de191bf79afd676,0.02026624276562576
ck_6de6b1663f9457f4,0.0037904419074608607
ck_062754f8b79b86e5,0.003091673683806959
ck_aa153a89a52f7eb5,0.02186185521474107
ck_34a6bd3be642f15c,0.01710397385448001
ck_9371c700d9830326,0.03737162197806892
ck_a99e0c258ad7576b,0.011495021370191198
ck_0a7ba51d626e932a,0.019811975114179967
ck_852c50bbba1ead13,0.14739976331333807
ck_43dc13b6b6d31297,0.04674251961390581
ck_7d81b59d615a6649,0.031939138829047954
ck_39a3f1da060e88bf,0.01344552626866472
ck_6fb2d142c09ed3ed,0.05782439553218841
ck_6e5752b87324b58c,0.012211254037989675
ck_9441d48a12e8a4bf,0.1024835305441891
ck_09e9c51eb538b255,0.011341256921879714
ck_8d0cd981ed3a183a,0.020736196487152057
ck_57c07c45269ca8c0,0.010760523406519269
ck_ccfc9ab888ba933d,0.02378514085940951
ck_9658a6ef471053f0,0.014227599319076386
ck_dac3852758f4ea89,0.0037140718650240383
ck_b1ed2278f5f14d82,0.036931339380300014
ck_333544d173524f70,0.14000592252066818
ck_fd4582e3853ef23f,0.013186942525588947
ck_614d936cef98db04,0.006259912563235964
ck_6bc351a3d57aac54,0.008438698675696427
ck_af5842fa7202ff25,0.01756240231551454
ck_81307759252571be,0.0055821690138932005
ck_b4d2f02d2cd45720,0.16451472964801953
ck_1bd753a4681946c8,0.9570372620767436
ck_46d8c029d46867b2,0.003608264872239218
ck_b7da6640fa2f49cf,0.10743613716118079
ck_9ea3d5a5a91fef9f,0.13003428589959168
ck_7b922518f667f76a,0.0019520336829422847
ck_2a5b31594206eb30,0.4420590890736504
ck_d9506476ad3f9e08,0.015180084950278071
ck_c8791f7ebd4d93c7,0.018840953996412543
ck_b5a3e20fd210017d,0.029739397452687836
ck_8e54386f4fe22cad,0.017058081292567685
ck_75296704f5806f56,0.029177654655101887
ck_0fbbc7a6af300368,0.00827494599823988
ck_d19bf4dc0627113d,0.004463728821830692
ck_7951bd4eb99a0175,0.0029908802426559834
ck_059e4fac6b7f704e,0.005585995999311458
ck_2ce8931af02a2ce3,0.011723109468394449
ck_9e665618a4860306,0.005887280126772171
ck_6fce5a893613fd2c,0.000977774294411346
ck_9e3fbd04e3532f32,0.239528423481422
ck_55f2ef0de3420e3e,0.048940967258609
ck_8d87658a6f5d204c,0.35126097110778653
ck_6d6ac1f5dd882aa5,0.0024104639528477636
ck_55d0c7012d7ef236,0.04206974662656726
ck_7738eb085e5753d6,0.01873368763738631
ck_0e6e05c3cc8c8242,0.014254137313878857
ck_8d27ff8383d48132,0.006219318986124282
ck_9afc3bb849f3a64d,0.028563437461195346
ck_27eb86a9898cdfe3,0.007426622510911862
ck_1d40e4fc541abe93,0.11213228570387809
ck_4fd9dc00e1913587,0.9827637514915925
ck_b26cdb2b7b165d2e,0.06400885192801813
ck_a79a27767a02e31f,0.015929732388815315
ck_f0c18cb9f951a71e,0.02971711066201981
ck_50460e0189de6274,0.9380365068766501
ck_5e5280539257c986,0.011172721693196344
ck_eeb854318b3a6f0a,0.015653153261365974
ck_943f66f28dd24750,0.0012344751116591518
ck_984dd7452aee372d,0.07090151655425193
ck_ecaa6de0aca5e9a0,0.026768520671647932
ck_8f1cbc432e2774f8,0.06970286864568008
ck_d91d9f8445b9769a,0.355372398348174
ck_73c18e03e3c7612e,0.004032852110269126
ck_aded05ada490da20,0.017415129307706192
ck_f744e208183971f8,0.0020948863103700172
ck_02d4cef6358ad3b7,0.006065542124880687
ck_08ff5bd467226a5f,0.0018041836016167954
ck_f824b326d5089885,0.12010105212810095
ck_3420f2fd520890f3,0.001190344832895352
ck_1838cf8d00f5b1e1,0.014168561156536585
ck_a85182ad90b6f1e1,0.0038723227327682273
ck_fecb39c82c43e76d,0.011922466314735815
ck_162513e73782929f,0.01617467049371665
ck_2c27b77c59d8f23b,0.07588230376175506
ck_4221e07b17388fd3,0.12736848718382002
ck_adfb8472d5c3d669,0.03254004665964824
ck_0742fe64055d686f,0.005646431890181056
ck_5060aefcc8b6f958,0.020852402869360957
ck_643f549b4ac78a26,0.14986584080295454
ck_dba767885bd6ad69,0.01597569829476573
ck_0dda35c0c64c7073,0.9830589136950993
ck_38ea56d43afa5660,0.03206639778345403
ck_d813e15ac91f487c,0.06228649424244974
ck_4c840e5585a7b167,0.2199431704919629
ck_cb8551453a7bb929,0.02356776080974535
ck_05a00b1dd5a03359,0.007760298391345836
ck_837cc7fd48453a01,0.01967319064101276
ck_49dd816b31fba6b6,0.35798797095391394
ck_86a61d9a39768e87,0.03180706848740773
ck_cd0e76f0e7bb38cc,0.02863343785822357
ck_dbe58392635133ca,0.015898896304893096
ck_3caec7dd6f8d02c9,0.06508149219201867
ck_bfd9bfc5b6ab4a54,0.08961957145948518
ck_2103399bdb2898a6,0.012417762607522784
ck_329f7de7279e74c5,0.008172096562410757
ck_9bf0d28119fc42c8,0.026827304693613448
ck_f781539b1042dc83,0.008103048881467248
ck_9986c7d781ac6b4e,0.020016692730411217
ck_a627734880aca848,0.0017044084956016788
ck_2106e509d77fdb4a,0.4678445385691381
ck_420d1a9c604293ce,0.0231753350686521
ck_fce0610c527e2b56,0.035683864838998866
ck_073da541ec3f9d3d,0.02647028399686559
ck_aa5f3ab48c17fed8,0.1732918432927617
ck_0fc1086e1c9e04b6,0.012298443045712959
ck_5c33bb46c1a5945b,0.0564513878436611
ck_500948a8d4bd8e13,0.03962010858910926
ck_19becd44f2c3d2b5,0.0624710183324997
ck_7d0fe77dd5ddb656,0.0519258597018424
ck_f158d9e5f101bb35,0.019928975723909455
ck_cdd7c77823c2257f,0.06164683454740169
ck_6c7b41374f9b2e55,0.011766872220892816
ck_417090dbffb1a63c,0.03170579202650061
ck_dd0e17605f970319,0.006973905244616696
ck_3646515079e6be55,0.013398973589826571
ck_89c8b06aa8c84b2d,0.15390350477453552
ck_e4d6dedd97233c07,0.03600918688475488
ck_bc82fb1895fddde5,0.00388805296025803
ck_88a8b1d442ca3686,0.02601719393793361
ck_5791f8f76a629a4f,0.048576256186919936
ck_9cf5e88e97c8c7ea,0.05537587380736206
ck_58fd684aa5a6f289,0.0009743794967763733
ck_9800c21dfbd8e811,0.0051990900484878205
ck_8ae64df60ab6ccda,0.01917565076409013
ck_e535fb0f0c00418d,0.06353043058354813
ck_48011996d54855ac,0.32103034812715686
ck_ac79c72a8fe3fdef,0.024933776905996363
ck_b8cc2df5192bc49b,0.038458797643200225
ck_e96a5e1f08f8a867,0.006148896527821848
ck_84df6770549e43fa,0.004812299315413106
ck_e5f7b99ba6ec5767,0.029258385060482287
ck_8347455ab53ff620,0.008285048748957257
ck_a84f2cdf695a71d6,0.006189621901740778
ck_90456160115f9ef4,0.007727784661718134
ck_ebd178b3f3a9c50c,0.02847067484993911
ck_e1140be6157bacbe,0.0023775548227996752
ck_744ffc11d32b96bc,0.004485582205983937
ck_e12a9f7d027e3387,0.006067573202897925
ck_cbe525da0b69f18a,0.015655797508990283
ck_aa59702537557ff1,0.026724432480140174
ck_0348cc6908f7f3af,0.001169037012103043
ck_120e995d50956bee,0.05374388455438165
ck_9fcde1ff46cbbea5,0.0016983438473123025
ck_54b0b070689c50d6,0.0015491303475642882
ck_966a167758fddfd4,0.06352606233453799
ck_d5194f2e92fd6427,0.011861422411553486
ck_2ee84f3fa27f2cb8,0.009655319021074192
ck_57d0a7eb7eae2eaf,0.04440750321690384
ck_6a2c4edd82e10969,0.0017319436145942447
ck_96e4d38ef670eaff,0.018754554354433434
ck_52cc2fd5095b169d,0.01727991252007535
ck_4b088920f3a844c1,0.03235262711363606
ck_8f3ccbd20d59f1f4,0.008886094793503637
ck_e5e5dc431bed6f9d,0.019360437443742426
ck_e8b5bfa6838e28d1,0.007316673023942701
ck_4bfeb78b47b7c6a1,0.04842076957684766
ck_a705c61bd679496f,0.012864526874857753
ck_731869a0c39cb2fe,0.062080444496514856
ck_259eb102342057ea,0.002839952347699135
ck_47a6005fabc33551,0.01042466284994703
ck_682262b455a9edd4,0.001993022012714413
ck_e839d104854945f0,0.009640064224440794
ck_761989aa4c47d746,0.01818130246628193
ck_44211dc210139ed3,0.028548466706256017
ck_9915ceedf63a5289,0.07269469331366762
ck_da59ab47cb6284ad,0.003401926093908117
ck_e5cdbfcca2456652,0.017761997132958722
ck_13f2560c6a1ec62f,0.02222262039734136
ck_a0543e9b3abe1001,0.1733420633842592
ck_11c7a58e09e6547b,0.01762150444257651
ck_69587a134d43a4ad,0.06258643766009694
ck_28dc0de0ae291f37,0.020359696938238477
ck_298922703c5bbe05,0.0492911825093022
ck_fa5ba9ed9ed6a343,0.038419549117713045
ck_c08e64d424e56c05,0.03822205210410874
ck_598e036a28262aeb,0.03503971876641457
ck_3f7c870510083a51,0.008298123736973887
ck_364f8203a3e98d36,0.641607480988533
ck_7333cedb61506ead,0.015301683388718394
ck_1d96d7fd65f208b2,0.02842908901670793
ck_63133a79f23e2627,0.05791793349953028
ck_901d820e0b72abae,0.0018724594644622412
ck_5dd80b3c01457bd8,0.01258968105819248
ck_c0b8067c144ed6c1,0.015813649723837815
ck_cebb8aa8c8f62c60,0.012554444993212616
ck_79749eca42ff1f5f,0.03525158819183741
ck_2cc1d9b587f6da31,0.38440693048689023
ck_ccc7916b56d42195,0.004882996163219343
ck_e43e53cc7b8b8e41,0.051307971632674546
ck_4ab74a6e7450416c,0.010271928059926412
ck_6e44024e9de301c6,0.001978779186468587
ck_dd78cb6ae2866cc6,0.023542416367617117
ck_c363d3b050baf3b8,0.04069910192683997
ck_2d46291975f0dd08,0.003103161152339447
ck_76ebeb5aee42f041,0.03044520703741587
ck_8395f004cf4d4c08,0.003952639025500205
ck_de7259c3741db179,0.024978021757671397
ck_3938e92585df2b34,0.03125662548139137
ck_af69bfcf4f07d932,0.008263583807150568
ck_1723900ab9afe374,0.07361833260199489
ck_3d58628d1c853c8a,0.006605631470195339
ck_12a074db100481cf,0.03804648963008592
ck_8716cbf892c50e29,0.008255011150009315
ck_fbf7351958ad9615,0.011203709134357035
ck_a50370907e6b397c,0.04985211003062804
ck_937402a60df0821c,0.002565586485025922
ck_8ce9c5807acbef48,0.013339228641491441
ck_acf7d65eaaa4c31c,0.002090294426877559
ck_ec3eb6dd0967cac5,0.05567983947481996
ck_fc832b0c90c9bdb9,0.9737715407130707
ck_8129e81cde280131,0.010043174179582844
ck_52c0ef68aa2fb8cf,0.017367349941651157
ck_06f042e9b1b662fd,0.05142657784952188
ck_0bf35dcf7b38f650,0.0034028425267960275
ck_615763afc2e17a7f,0.0022259735884308522
ck_e72db9d4b2fc9997,0.9876857899954329
ck_13757bf0eeb353e2,0.012265584272598638
ck_abaf371ec8249c4a,0.0718558854317331
ck_9b7167da0920c37b,0.07367042179291411
ck_2e824b0b27494a17,0.044208133745082485
ck_9a0b605e9c3220c4,0.03570479267149783
ck_a5276af466b681de,0.005778189073106058
ck_9e0383e1fb6e214d,0.04574933397696989
ck_6a27c44b691dbfac,0.0037657812614999148
ck_af39767cf583905b,0.01386683889212844
ck_243b1b9fdd3f9a74,0.002232443688599036
ck_c0422e638a9c6046,0.06385996146789762
ck_e0f3ea3373dfc4aa,0.018421671700192002
ck_d56ee1654378ffc7,0.034733938788785
ck_20cd2f5666719baa,0.0014392985966329645
ck_4dfa1c1e9b69fcc8,0.015110597000510857
ck_5d22e9ca1d15180b,0.34568829268247964
ck_f4a7ac178fd55f0e,0.007705232874644091
ck_fd5609bd23a1eaf8,0.006314280174634324
ck_49c3bf13dc9471ce,0.02758446308030811
ck_724085c3452d4693,0.23945901500027936
ck_e5d1462846154a75,0.057319813243660464
ck_c69ef0f3e7d6acf9,0.08901059240776008
ck_a2d0417791d4132d,0.02108613087196033
ck_00a07fc2a9183c3a,0.0014648779683313685
ck_781b8288e54ba8f8,0.18891800398293335
ck_d74a62ab3804a81b,0.007332432235449496
ck_abcbde211b6267f8,0.1918343423566244
ck_16dbafc035574654,0.005062589152587575
ck_018f780215ecaf38,0.010358797132715052
ck_0b259620eac51618,0.0097873411938459
ck_4f875342394c110f,0.06695946655180764
ck_399e45e5fe9beaee,0.018194105852490632
ck_36224a2d394ebfe4,0.09862498319354703
ck_c189b551bd111332,0.003399572906861934
ck_125c5a720ecb177a,0.06900722552162307
ck_76d010aa02eb477a,0.0016216206158826624
ck_1071d14c46c92379,0.27851830401540084
ck_61d244b2cde483af,0.018653583791907
ck_2ff1860da2004c84,0.0028220904514299474
ck_c5b583490198672d,0.017318316143909784
ck_1294f7af22fade11,0.09562612846986931
ck_e3a22799716df39d,0.008930584866213898
ck_c77e22834ef97005,0.39651134800338067
ck_73d3689728270a2b,0.0025345739970753754
ck_295565fbf77ef885,0.005157165862978153
ck_80c0a7f54ff4895d,0.005802890468305678
ck_f1ef5cf7f10b16c8,0.025059913648567966
ck_a958b2461ffc21a2,0.08925870553141473
ck_0e7899a57cd617d6,0.002802395199832002
ck_9d4fed252718f58a,0.027308967492608773
ck_83c2c34add971d76,0.002482452549613748
ck_9ccc030ba2de9fb2,0.02227112288615347
ck_cd691e3466fb3742,0.00921584404994905
ck_49df70f908dfd069,0.0857612084933461
ck_362ce13eec1e33a0,0.007388015477131934
ck_2452a30397dfc54c,0.01235177931720497
ck_a443d49c2b4863b0,0.014161045211062975
ck_c8b2e2cb349dd0ff,0.007840896290033159
ck_354909fecf5da8cf,0.0152708089184912
ck_841f598bbd54c83f,0.03358388163673999
ck_cd6fbd4e8724f994,0.05318592958658402
ck_e0b3158111370118,0.02402570996030196
ck_4c2f2eb657c2c60e,0.006079869160685145
ck_ef346071f0b7654b,0.010801300139079914
ck_f3bc10e3decefce4,0.006002078278448611
ck_189b6fbe9b9192e7,0.0214288688393926
ck_5245cbc5ff4d4fa6,0.03421600553200305
ck_cb42e3be6fe87f60,0.007736368989892951
ck_966d4d713cbc7792,0.00423863304936264
ck_1c8c969667cbaab2,0.7431882825191928
ck_d35e3aa9ef5d405e,0.26312420553118815
ck_a1c39df50a5873b3,0.030941223785130118
ck_a152165caf295b51,0.026745041000357933
ck_891eaedae139828e,0.009168980128965675
ck_1a46b56f4734d52e,0.016719596587396628
ck_5e36042cfad96c99,0.21258408939013843
ck_02a8582c2603e675,0.00935387497243821
ck_6def9d0429e4ed4b,0.04136132349792055
ck_e137400825a1e3e6,0.020564784962069163
ck_d91ab840848a54fc,0.003417598076400493
ck_becb6e1c608e0078,0.005311226373671332
ck_6fd8c86ac719d7eb,0.10676228685216523
ck_3ed4d13f12fd9d0e,0.11449453634071817
ck_007337aa99a4891e,0.00628694781453213
ck_60c3d8306527a08d,0.0021274358735605386
ck_95458880a54df0b1,0.6705240028472341
ck_b48cd8593533fc1d,0.6558539006995292
ck_021c6a4a7e3f1f0e,0.0031171702172732066
ck_764d40f865e710af,0.020453491200591405
ck_4b84357ae8ec7777,0.01947624186211826
ck_3397c7856b4669a5,0.0016607275758332444
ck_920bb003b42e6310,0.003004649570491525
ck_8f59f11b512d5b7c,0.06797678885047868
ck_a3acf4b986afa98b,0.19641319641765947
ck_e89d25ed7bdeeaea,0.005914941943010525
ck_70e6bca473bf6902,0.004231905549222513
ck_186161ce152836f5,0.015449142910321902
ck_9191579254663f5d,0.005976009957670461
ck_1e6628879e9d653c,0.027145031386195208
ck_b498fa91a0776ff6,0.01725797320179647
ck_cfc2384f22954830,0.07331965552636975
ck_17673a1c2867888a,0.0016383291348460983
ck_523dce06515b072d,0.028672511028492904
ck_c20638a325ead2e4,0.0059981874746302
ck_d3877e1f907cc148,0.04610519319877627
ck_e9a2495dea8675e2,0.015397028321270165
ck_7e561caa5fa1f3f1,0.037557571974244204
ck_455672e652fe1abc,0.7025376441620509
ck_7f8f864fcc90ca82,0.05740151968595673
ck_1ad36046aaeb816c,0.009093040586024281
ck_de056e37c82e8e00,0.02211985755984354
ck_7484c214c889fe7f,0.020383717833041617
ck_32430e678c4f9f53,0.01074069642215903
ck_6276ece8f80ea799,0.011764250303560328
ck_ae8e5dc4b725bc25,0.025555824982653748
ck_f01be92dc78a2dc7,0.014662650398990515
ck_233397a8bd40d38d,0.0060970017937607935
ck_f8124911450fdf31,0.7879386350790976
ck_aa0a3179f1111674,0.004163510320228471
ck_2366b29ed9887a5e,0.003199604049315205
ck_1f22f04dfc08cf27,0.013440479400455667
ck_b62276c3426d680c,0.012104471994896537
ck_d099fca88691f66f,0.056933274515081504
ck_166bd1dcbaf4d6fa,0.0009323610570641264
ck_7b1660e942436e12,0.012628328772791679
ck_4a9a791a1d409a3d,0.042696345810741436
ck_b003e5b54df65db4,0.024574743145931378
ck_64b4dcbf436f0b75,0.009918437360029644
ck_26e9a7bb2061a58e,0.03141577140383716
ck_08b77ad5f8f73007,0.015417982463849695
ck_366616a725afc6bd,0.020489842298270784
ck_934fb5064b6eefe2,0.0025610317460932723
ck_c6abd5d57b1009d2,0.004040577677565007
ck_edcfa9e1cf29d813,0.02921077003653429
ck_c30201ebd003fdc7,0.01911039951098995
ck_c54643d94d3ce355,0.05297252463782642
ck_02adda6e91e49650,0.043631790844721546
ck_5b73d7c5255e58a3,0.09036997253165006
ck_129ffae92dc01408,0.0032481752982007196
ck_fa321945ebedb916,0.061222905163922516
ck_8da980cb2e1e2bfb,0.018221674600373366
ck_0576b00d728bdf19,0.028424137358547506
ck_c543d82e22b3c8a5,0.006168482244565717
ck_0027ba644f9ae2cd,0.3954405949974312
ck_8dbf61df902a6bbc,0.004954926618500498
ck_90eeca1cda79fd41,0.004232950252468497
ck_86d7127391d4e01f,0.0024977915734973395
ck_73762038c7ff2f6f,0.004465230922390469
ck_a1484e6215fac651,0.4801859248593932
ck_cb83b9f806e90dc6,0.17324278740796178
ck_8c6f059c95872126,0.0052834388973692845
ck_3174419a81e7caf2,0.005365372013323681
ck_6a0f8f8fa4a3c2bc,0.015709248661376792
ck_b5777605668bfca1,0.0031047175796304594
ck_27e4de495abb4d15,0.005506507717312449
ck_7f6fa79c7a107161,0.028351516067949622
ck_c36ed9f8e6792ea4,0.03500788403230497
ck_67a1aa88d2ea554a,0.033947357881319196
ck_09748dfe4df3d540,0.0036687721033620098
ck_27fd85b1e38b675a,0.002049079278921419
ck_2369689bd795ee10,0.010663328990864156
ck_4eb1c12f7d092bac,0.0009055950166938525
ck_01fbafc42c8e33f5,0.017044761687433595
ck_93c4e05699b3b7d0,0.03204454585226365
ck_afc484d1b6907983,0.009757568403229543
ck_1b2d9cae92a1aab1,0.12851269187877087
ck_73b729cb161487f2,0.005473683821680789
ck_fe3c1d0ac090d960,0.1450234077382661
ck_408efac1d3885ff8,0.02897299295745517
ck_ccb4dd9d0a48a76e,0.0058399137427509054
ck_2987eab34ca7805d,0.02200644032107822
ck_1dbf1f15193197db,0.06489143012551832
ck_4ed711fe4053e74d,0.21148372334036983
ck_6c54adce174f45f4,0.005083283585666005
ck_a6c740041faf0bd5,0.012990927983292006
ck_b05c4d33c4f43639,0.030769100393040955
ck_032880f1114dd51c,0.018187319983936353
ck_22311b037456a76e,0.0031327374403167145
ck_5866b413549765bf,0.004459013412742449
ck_0e808afe2570ecac,0.016074824366783515
ck_634276b05f4381f8,0.006642479592933373
ck_5d8773badd0d4740,0.014318637265703045
ck_82b5b79ce3517102,0.8935716258877451
ck_b378b8d8100ee4b1,0.027349703667493765
ck_54e581f71be5430d,0.0034214087012888546
ck_798ba4b8aa544fea,0.005947511410673779
ck_3fe86b6331ff95e3,0.08322823432992596
ck_81275d9d4c559e6f,0.011062827831242862
ck_99a4e5ef02d89493,0.02930986596032879
ck_54e2eb018d947790,0.03138770602549121
ck_966901ea9c77cc02,0.010533163471285738
ck_27d69ff4e0cb428c,0.08283681174140518
ck_2cee2dd7bbfc09a0,0.9019064875690377
ck_4136b00924695ab4,0.0014879990344527068
ck_59a164c40c03a45f,0.0946358634401254
ck_3e24b026bc66789b,0.0009247381624946365
ck_8105bcf69a75ee47,0.011150933895528459
ck_7a1782cefe26a456,0.02427253510593687
ck_970c7dc195161272,0.0012023249376546703
ck_a48ec0c00ae20e82,0.04991008699731394
ck_54b374ade34e1dc1,0.00915698366685323
ck_74e5dec189761d14,0.006047785027803965
ck_4717f24f2c6f40e1,0.10672397092157039
ck_fc8cd8a8209e802d,0.01848978834117687
ck_71db4131d7efe218,0.015130413256277082
ck_45424ea6f0bc4650,0.32868119356082
ck_3716c6181a5035bc,0.023804300032597495
ck_26de14b96bdad4f6,0.007887811822300014
ck_99c0a41ac9c73857,0.0027293134120186463
ck_645f15bbbcff3b4f,0.9766622150278358
ck_b7e25ddd41514d4c,0.0037572622009213047
ck_d5c14e877ca7b755,0.003992126252697184
ck_05ea4440dac6cfad,0.03177565836113603
ck_c58bafff7b1955cc,0.02152766598416321
ck_f0cf85b67a9b840f,0.02221861358472119
ck_ce1500a7f0d03fba,0.02322706523350842
ck_d4972a775aadbbc8,0.015015555949336736
ck_3eb6146c262e0fc3,0.0027490570261698584
ck_afb23858a4ef42ed,0.9645560078557072
ck_2c1def5c91c52a5b,0.21734722377793203
ck_72e550559487b919,0.007511979782699367
ck_0284dc2b4f856b3a,0.2797981268826466
ck_03be334935e999a2,0.008944346360781667
ck_e35a4b4a3cb4cedf,0.012791420133130383
ck_5abe57dfff4b735c,0.025164416240321563
ck_f5f87f772388efa0,0.031237130361197685
ck_5a22cb36d612236e,0.006489282910074502
ck_8ff1e6028e764472,0.9526629750727089
ck_2ab28149b0986642,0.02597863558730827
ck_c88fc1bac79fa6d3,0.06242341075602666
ck_5b137d74bba6b1b4,0.0009235720378737345
ck_11f362dca2dfaf5a,0.021691275277714216
ck_7f960541e5174565,0.004975266452550038
ck_d5458ba39ae94498,0.019551503284941492
ck_0a921a73a90c2e39,0.03532743841620485
ck_6ad56ef40086dbe4,0.01018972193986757
ck_b68199ecccf2350c,0.0014701824052695625
ck_6dac66c8198c07d8,0.011463271213482026
ck_9b9ce7bebc235fe8,0.005046103933998925
ck_6b817117d87063a8,0.01683900942393839
ck_900d62b3184378c7,0.004610579551772135
ck_eafe9b89857149b5,0.01893790890047369
ck_e74716a525ee5b24,0.0022387609466031585
ck_4e9a6f06ab134102,0.013001687349133506
ck_b0d33b5a3716661d,0.005087656184861679
ck_8703543bf3134306,0.02904850468489958
ck_923d6a0f83accef1,0.014732411369752434
ck_52e37e2170532e2a,0.30255881613681007
ck_c1c5ea839c58958a,0.028916873404852834
ck_660f0006780e87e7,0.01513797313336937
ck_830b2c5d1818ac07,0.0330100300827776
ck_b080ff636932d1f1,0.0013900185777316687
ck_38730aace405f2ae,0.9944121575569159
ck_9790138467a06223,0.001094964223504745
ck_10de0b0d86b17839,0.006902330513216865
ck_c3e37a4d3382c32e,0.0012467390557223325
ck_dd8edfefa1eba531,0.003966959324601299
ck_8153cdadd300d234,0.001870919805735888
ck_74d0e7c2c6b63d36,0.8348296542124385
ck_c478aae3031bb328,0.008097263824655844
ck_cf301f2194975866,0.008660554507962326
ck_f4de03f44e3a5bd5,0.01068673699066795
ck_b06ce826e593b210,0.045766965805180936
ck_2fc70b6baf6a0e26,0.009092071805592478
ck_d208494cf5c90047,0.047000450778640374
ck_086d29ccae565e5d,0.005009978238644521
ck_d5ef6dc116dee408,0.019294804091812716
ck_fdf0c5b722d83464,0.003545304185155733
ck_de8494b13adeffb5,0.011018454042889642
ck_556786868599143b,0.03141824694271784
ck_4940e78cbdcfecf3,0.010071211831768052
ck_d32fbbfe32c00416,0.02105984952473814
ck_bc7710f7e9fae649,0.003612860550587305
ck_416f7ac57da081a3,0.024505956619487023
ck_6fb39b60c67d5475,0.004125680583589525
ck_e40a156511345d6a,0.0062917311194593565
ck_49ab879b5aa7fccd,0.20976613858759113
ck_bb643194d1cbc47c,0.9866388059266299
ck_b3ce8f1bcedfa043,0.02872669472485207
ck_558ebde8c29132a4,0.029657633219928172
ck_e6222925762273b8,0.0673342879102058
ck_bd80546b4807dd59,0.12532040095396857
ck_bd21164bd2bbb635,0.03143702098748079
ck_ea835557d7043667,0.00550046142929298
ck_1411a80a157ff39c,0.014158431642801478
ck_ab973888c20c9120,0.11868894818104858
ck_95b48972061abe82,0.005454503512929144
ck_fc4a43f8876bf10f,0.1890845698171544
ck_f34fb7ccf82f41e5,0.011885381513442247
ck_5af9934a56801ac0,0.0102116561837185
ck_fc7445ec76389a58,0.30307037734723097
ck_1eeacc26f02fbba4,0.054012185081904016
ck_4f325dd15c9bd45c,0.06666230257086553
ck_5009a6c8bbaf15ba,0.033638332061334805
ck_0f3de7f074bb33af,0.012235419291987553
ck_2cbc2f93a32eede8,0.02706733725117439
ck_4bb90a61c21a303b,0.018069523008162516
ck_3ade9eac7d7b0dbf,0.11433180473973706
ck_4859a58629622915,0.029906239663870238
ck_5fed957287ebca03,0.0029097795338956277
ck_ec01ae5351500355,0.003604397178047939
ck_703b41624ae6a5b6,0.0034003419568317955
ck_97c38e7f61c27e47,0.027034044229723123
ck_db2c0908150cb2cc,0.03398206215953842
ck_64ac5e6fed86ab60,0.9449342669734998
ck_da1c853b0a061e83,0.03382299856481828
ck_9a36916b60178ded,0.6323702371768986
ck_3715bfa7fed2c675,0.00539261454587821
ck_dd3feb77d7d4f6d3,0.019369263296711396
ck_982ebb24174a4ade,0.007393118119240822
ck_f6b7a10d47dd9a1f,0.01000765959983367
ck_1f56fe99f250cdf4,0.07751358466901735
ck_deb3ac0606d6f6db,0.011212805615101112
ck_e666629e5a41b39b,0.013044077027787532
ck_756d2c13d02b3e09,0.024834204276261998
ck_7bc752ae7cf5d55f,0.01895412041421751
ck_fc0cc4b25e6a8194,0.00783990400265357
ck_9b2b0e286de78a1b,0.02021640272621198
ck_24b0803447211bf3,0.014642598537701793
ck_82eed68d05a42128,0.04476210147273788
ck_c8a03c516ed5b05c,0.07500538782140433
ck_e914974cee1bccb1,0.010358180266905031
ck_0c533ff2d0f9962a,0.01641855550674205
ck_c12805fa5d970a83,0.0484803782076317
ck_fc2cb29918631f10,0.25143577926784877
ck_c20e89afe575549b,0.006067471715719295
ck_e1ff9e31becc27ae,0.2869254948832254
ck_18116d0ac08f1996,0.94796567650424
ck_885a83975cea5e64,0.005460122004446995
ck_a0c3059a959ba5d1,0.01607640688378333
ck_75257ca7d7da2861,0.04059919547902991
ck_2210f7a0d13bdbef,0.06674148552360921
ck_9cbd9ecf8374f65f,0.009125881610907082
ck_18f67c00ba21fbde,0.004799948373775722
ck_2d28f14d3973d8fb,0.002591547684909159
ck_8b3401b44aaae728,0.003690826785685264
ck_9d8e9ef37797d3af,0.5048281524837259
ck_9f50920c894f64e1,0.020557555256265257
ck_4737e0d56c6fa0a1,0.007584837617738495
ck_52c311f29ca3aca9,0.0016920187697005617
ck_6a4981bc721df37a,0.04722456165147133
ck_823539d936c55fc6,0.0010574039649772363
ck_df5aedb4118020bf,0.8959121648604258
ck_a911a066ff0f7b56,0.023612006207407832
ck_684609767df4a14b,0.0653467884163602
ck_f2350bf355dc919e,0.014095045995327874
ck_8452b6cf97c65a5e,0.020881939353531158
ck_084cd84501012218,0.6909824713066417
ck_ace6b72e5bf3e93b,0.1667988480066332
ck_2afdd69094c955c5,0.04947403922635936
ck_fa7d5be26bf7b31c,0.12913851248323494
ck_4b041217690fca2f,0.02875752633723289
ck_9fb8e3d38cdf276d,0.9047855963167128
ck_c1ee56d65a42f59f,0.042343880148457344
ck_fdeaa1cd085691f0,0.038040040493672364
ck_5de33a7a87e9aa62,0.06380742790447702
ck_7476e7fe1ff45545,0.05414866264616308
ck_b0a947b498e47018,0.026094441753397844
ck_e3894ed88a7977e4,0.007297526201720758
ck_c7e07ebfb0bc15f6,0.09667799098410018
ck_3a3daa8b376f2a18,0.0039043649566352827
ck_87809324c2675b0a,0.029242192339214858
ck_7eb4f33260f1dcd4,0.029114661471238475
ck_ab9f0e08af030060,0.020452434371652426
ck_5b8fc4a76f340797,0.04968337222275723
ck_0e7bf10ef49aa818,0.06441056616533947
ck_a44462a3853ac67e,0.9826600971480476
ck_2d14bcd2e0fc043d,0.0029432316017019306
ck_df1f2dba802296be,0.8796225006681259
ck_466a7316eaf149b1,0.021525907469436983
ck_50df50af592b0c06,0.020658121085199273
ck_5f9e34c849704b95,0.0031461259805661136
ck_7836bf6def26aa87,0.020382181781344925
ck_ba175b1bd8efaabf,0.004045647913665874
ck_1a0aac7f7b94b1be,0.1623439897081263
ck_6768c4b2aa8ce586,0.010533196271476397
ck_eefcf0ed15897898,0.0349319407781442
ck_7a6cb27e390b6ceb,0.01860371609045364
ck_5275be4e1577c1c7,0.004476838702463518
ck_6bc0e5b8c0b7d2bd,0.03746661215753662
ck_4874bdec79f9106c,0.017394492684853363
ck_a678731156ad7bd2,0.40953813218919416
ck_db906debc36a5d1e,0.043190830766359455
ck_e87897767c612942,0.024957533182813085
ck_45ed5ee496ef8a67,0.005217676419906474
ck_ae20e28f9854f3ee,0.034591841511650755
ck_9ee044b73943a90b,0.02254140710368595
ck_dab34cf6f0626c9b,0.04495110457282014
ck_64a02b7b96149810,0.0019737367028354255
ck_c417d06f3e94685d,0.010831214666461681
ck_3e0149cdee4cb294,0.024786990028118492
ck_0e6046fc30f81705,0.010636684895915096
ck_c383aeabd53e9c89,0.030342181334865735
ck_2ef76f1f36e8b869,0.1867626484050673
ck_43948784650bb9ac,0.015588325406855707
ck_bdb966f43ac350ee,0.05209898836045255
ck_5bea0e0ee0b094cd,0.0015898029132237292
ck_dff090f03ca5529e,0.005998580721111285
ck_a4691b57f837d88e,0.03749952138812696
ck_99ee90946395d74d,0.459890566147834
ck_cc81dbc83a8879fd,0.00596363033114129
ck_f3dc0725621b3a35,0.003245877872164161
ck_1bb212d1288b9689,0.03582862293037334
ck_9e7278fc7679f002,0.04896289336789577
ck_3ded7a8720d7e311,0.011152993860660652
ck_798157bcdb9453e1,0.004488783394610648
ck_9fba80f56f357fe1,0.005072266325127826
ck_f1e1c8491f16f912,0.007486644521225427
ck_7b1319a5ca2f63c6,0.951680755286672
ck_124432fd5c92af7e,0.5792606701901101
ck_148cb0c723284dc0,0.009906416595294273
ck_b56c62c950eda009,0.005208401063738605
ck_a0498755cd8d7188,0.0038439861432410815
ck_5379452a9d74efae,0.0025656944207615644
ck_6c2453229d608183,0.028912536028268935
ck_f9d8b4813a88c1e6,0.01363214165933339
ck_c2c7d1e45a521857,0.052914263338050334
ck_4364a83a11743888,0.003997825750486744
ck_2cdf5fd97ba75e06,0.12121903815205153
ck_71bc01291e0533a0,0.008563716533491663
ck_a725d7aed2a0bdc2,0.0033915465327420723
ck_a9b0c4dbd7db6a91,0.04108741782583795
ck_a4258806a533efa9,0.015772439090202598
ck_905e460591d9a278,0.1383309845450699
ck_20de8abfd8960ee3,0.046522850169117835
ck_252b0a0f1119b220,0.001465482762447596
ck_95e4bef65c36af1a,0.002332841136612573
ck_5ab68b434ad53fea,0.005554789765783355
ck_13677a1957078827,0.0026496722202676705
ck_d251e9fa09e542dd,0.9934934168003885
ck_700cb620f300dd47,0.01706405600836488
ck_39a68c55a1bd3ace,0.19629906824779883
ck_61a59a7944d6c53e,0.18359563518875657
ck_db6d1c6d31da967a,0.008226271020602196
ck_650020c500b1b50d,0.013535504324775627
ck_d812eb6930192793,0.0017048678753770856
ck_92f6ebc11ebca89b,0.10412251860609419
ck_d87e26eb5bc84b01,0.0009119646641218523
ck_66439e697695224c,0.001425311643392363
ck_f21efd504faa654c,0.006187931947161749
ck_15eed0f5652f0352,0.004858103672753114
ck_bcdbf57d98dc0d27,0.0320334803214689
ck_873ceb8004d3a9f7,0.04618941000895883
ck_70bef9ddd4bab005,0.0008391872453298635
ck_7560f1891d66f294,0.002151720156935117
ck_f439f16f8693883f,0.0228708479938086
ck_14f9535e53f9c7a6,0.0330786927615793
ck_5984be472d2bc267,0.12404416439571639
ck_ed01be7504dc4187,0.038168426636361656
ck_dc3d8b5c17b67ae9,0.011293076777601331
ck_9dc23031b6b494af,0.020151006378441107
ck_fbdac0221bc03f66,0.013695235993289208
ck_863708a99b92ef0d,0.032766379476488694
ck_22b52654776a1ea8,0.5447513315510571
ck_a0714f98001efa0c,0.02390095119324991
ck_9c56114f84e9a541,0.01412467750608307
ck_e155cf506b2fb699,0.004966642038607337
ck_65ed7e72f24731e7,0.006778391472779371
ck_822d6e8e43befc72,0.18709425765213725
ck_b1182471d9ac6b26,0.002294664861930492
ck_821446adc95e6da5,0.013570569512007443
ck_ff182f033134dbb8,0.03322826189663517
ck_9c5feef7647b0588,0.007991851773010653
ck_df935d8bdd44883e,0.016996189339427883
ck_01eb24c18ad11fca,0.08332502572198372
ck_00d6730134a1eb51,0.030340041995579364
ck_79ba8e85678d0224,0.02428437614735413
ck_97e3b04a1350f6e4,0.041079757390960266
ck_74e9747954a46eaa,0.011176795903542104
ck_397d5fcc9972f909,0.025290784261754393
ck_9ede89e8a43c3f53,0.07572932343529379
ck_303b33910d67f306,0.0074822327543956225
ck_3c17841636f6f7dc,0.012894831405608244
ck_78730527f8ba1438,0.16039394187014466
ck_5ee32bc6bb5d1d4c,0.06161818614965169
ck_a13fee8cd925d0dc,0.01781479784451984
ck_6f847263379f2e43,0.03381283943767713
ck_9b9d9e579e7b55b2,0.06478048124311205
ck_87c1d0a79e79c84b,0.007932868063694004
ck_bfc453eabb472f91,0.004385732088929922
ck_978c21bb5fe3171e,0.04728083720166283
ck_dd882323474431d4,0.05264766988970756
ck_533c4f7400d5ab22,0.35697863136778263
ck_5f217bfe28954e75,0.9859839123213763
ck_ae96d35465b3b4bd,0.010196280964183083
ck_512ebe97c0af94dd,0.23131095687472786
ck_f558fe02bb0219b8,0.013045880912648081
ck_84092e23d5ef4d51,0.043089236141515
ck_17d3022ca12eacd7,0.01652502925772189
ck_8a8f81bf3558fd9c,0.00845893953710581
ck_0ada6fed1864e7c4,0.02207398541530887
ck_21fe7bc59dcd78fb,0.006974072048743432
ck_e136e20c1c74fe38,0.011381388837452896
ck_e7a530e09d113dd7,0.04830905605815421
ck_7cb0c9ded4d63027,0.06727788058203917
ck_102db9615e722c9e,0.06038251546380778
ck_129e39ddfde92eeb,0.002329363623421594
ck_d730ff21bfd7769d,0.009815917336900477
ck_54459b45d2be8459,0.004753752820783859
ck_7f1c20319eb60aa6,0.990193213475425
ck_939fede90473e412,0.007034501730296153
ck_e0f9506a6d5f4a1a,0.004679701322734749
ck_9a4967cdf49265cd,0.24036470618650002
ck_b9eaf03453ac7d5f,0.005483509815323152
ck_522477be6376b450,0.013173978449147668
ck_9b6282e3bad50710,0.022398617737339224
ck_a0e3a2facd508e49,0.04571483557304114
ck_97ffae702f7c3d08,0.004915841091870091
ck_344a95cb7115ec67,0.002278763513239157
ck_1f2760764afa45e8,0.004542607740154888
ck_720cd658d11ea428,0.027977701841476705
ck_04e32ee9834c088d,0.4225280740003929
ck_2bb1389e5e72c8f4,0.05679379829019267
ck_961e7dbc217cfbbc,0.006140884176184464
ck_f3bce4eccfa6d6bb,0.009117062887662704
ck_e0ccfa0d689339be,0.011799801305856325
ck_98217aeafa0bfefd,0.02186185521474107
ck_a02aeec1914c158a,0.024057882255021344
ck_20a17e8f206a14c8,0.029641844702178673
ck_114c32aad4b6183f,0.05864910726250731
ck_79f5198f0decef20,0.003410895766789769
ck_2209de229b4c71c5,0.013695456031656575
ck_6ee939b7f396975f,0.013546389707356703
ck_202f0c14b07ace01,0.06487563180626416
ck_fa24db9d416ab904,0.01094076191053918
ck_cf6aa24b92c4d33c,0.7121015853411984
ck_45f57fb8194cefc8,0.02316427160889441
ck_d5eb179dc45394c6,0.021471334016874472
ck_efb24be983342f75,0.047244677128602246
ck_245f5d62ead5ef28,0.014824088815459806
ck_15fe2a47fa7e92ea,0.004563283589524184
ck_b6527a85fd682554,0.020886978513498387
ck_11f9390a11ce9ff5,0.03572059530951892
ck_ffb4d892c5158201,0.0032724534399686867
ck_d4c1da5a1427fd6a,0.0442230354361001
ck_2c041b1efb1c5063,0.016787272003665515
ck_ecc18f40b33be769,0.08247773338075044
ck_0525349f3945375b,0.03298534042005604
ck_0bfe62e0c7eab9c9,0.0292347708386069
ck_b7c37d410b1646c2,0.025164458587059443
ck_4b15b0746318cf42,0.1742820385545476
ck_e5ee006ecd8ff661,0.05723358118748186
ck_ccc83cf66365357b,0.051198397683754476
ck_34a33ffe8339f66d,0.964712547186229
ck_4e39e3b165edab58,0.9415253363145691
ck_1a71f8081ae00190,0.9398936951383773
ck_ed8f1200fc049c40,0.9483337712195653
ck_8a5a57858e8c77f3,0.022578509285765134
ck_fff9fdc2adf5100b,0.9218392343974855
ck_c76f1bf40f3b787b,0.0013547249875799294
ck_1a6ddfeef82b1b1a,0.006154051456226472
ck_478d2667aa9896d9,0.03152139259589515
ck_641c8e7694b21f3b,0.025379468667487512
ck_293581d879f6663b,0.7991784296450487
ck_1bfa8abdb22be8f0,0.030399532054808717
ck_05ab5b03d0bf9ce4,0.24703895822234465
ck_35694db37f0cde7a,0.001385814359624712
ck_fe33eb743d714c03,0.026945884209678014
ck_abd10fbcbaf2b038,0.007672466700129955
ck_46d51648c1bf80e5,0.15177153557197592
ck_5c8390017fabfaef,0.03319965541536592
ck_87d55ca333f22072,0.0034277434403629753
ck_c39c6a1453e2b92c,0.0009989926810547258
ck_69ff1b0aa143a168,0.0023580184501222445
ck_e57c79eaab35ded7,0.008864638162356964
ck_463ae759e2b6ad1d,0.017019937158850817
ck_0dae4a7eb587f3ba,0.024652019621615076
ck_9b12fb56529ebc4e,0.03558760000849116
ck_1af547077ba2dd03,0.16150519923992404
ck_de13de941bebc7cf,0.0017334252872043265
ck_83dde7da2bf647ac,0.0026877126598666727
ck_c80a94d4660041fe,0.05972157585688824
ck_f39cfeb277ef6528,0.002765782842020334
ck_1cec1ed1512a2d3d,0.00281514511270539
ck_7955a359b6448799,0.0022280483446615144
ck_8c0955dad13c3ca1,0.002330762589267736
ck_6d4cd2de601a2308,0.017440595546510448
ck_f4536ba8dd2d551d,0.01529724393484251
ck_b379c198d6db2d62,0.02344595912906835
ck_76ea90ebc74bcdc7,0.030364201048509114
ck_734f06bd4aa92781,0.038683064825953566
ck_677e1d0c14cbf569,0.007658583780423455
ck_259271c70f3fbcbe,0.037252976398214364
ck_c0b744eb9e7d4eb7,0.021092639020451266
ck_3d41faeb96802f68,0.005873796986090177
ck_8f604fa70fc3c8e3,0.014335135950540565
ck_0b3c3bea0e0ed339,0.00935351858738809
ck_be5df076b8a86409,0.005362880705354883
ck_6a475fe324d7d790,0.06503944503588369
ck_3ba3fa5387bacee8,0.0008251055176212344
ck_324b9939d9c1c31e,0.0025951110721025203
ck_a7fcf7b592f68ca1,0.034075311805409875
ck_5b2728f7cca414ae,0.0009142745560118809
ck_5f4a25ffd0b85a47,0.024387740539215205
ck_63d4f5076fe4406e,0.007005810403474891
ck_af528d66c86f0cb8,0.0077965923104080515
ck_ac7cdb9b8da7b5dd,0.03168455412624363
ck_3bece63711407e25,0.032361372652015157
ck_d4e0b2a12fcfc35e,0.0049747498706344505
ck_ee3e7c9d3a9c74b4,0.05502694410046804
ck_50d7c4dab837bf66,0.01332919935108242
ck_ebcb93a2990fc914,0.07096620365369928
ck_2329cc9702cdf7a0,0.03325835400124309
ck_db1fa53d588bf99e,0.012593132428458107
ck_44e57a0bad5a0745,0.024367478202501274
ck_472c81a144f4631b,0.0032603362688627814
ck_1658429acd5306ba,0.01686898988091145
ck_466103ec5bd9444b,0.016073368055888337
ck_9757163e25262b74,0.054741594096004084
ck_34ed59bc2c9b0186,0.010411638987227164
ck_b7bd3a7f263f4f29,0.05488316726577984
ck_149662b09d632e41,0.013175111920047323
ck_a9ffd6b3957bd41e,0.004566269796724926
ck_ab80466ef615e85c,0.007312873053001649
ck_f2c824d3473db24c,0.007713221603461792
ck_a4a01fd45936b078,0.033210653189629805
ck_8f6ce158c2902877,0.003748235150201906
ck_5189a302cfa7cefd,0.0013099487288036448
ck_430a3d03be588201,0.013100206763253451
ck_b5f9dd00914b4db4,0.00689955084737383
ck_52dec82e9cf6135a,0.007881407088661856
ck_95e444a01e2ab4a5,0.01220593842506531
ck_e37cee7b123692af,0.03544134190244661
ck_d68d42858a55adff,0.06663200462176894
ck_3abfc010091d679d,0.031297813543849834
ck_cee4e4e1b62bf82f,0.05522505957817302
ck_9ccb17c35e636c5e,0.010834504078911292
ck_f72a5a3b0d6c1177,0.0022854223750428614
ck_7508aa554fae6afb,0.29101349541117333
ck_003aa842b7ca1d77,0.29746788828781867
ck_83b2b192f41ee2bc,0.17338984998457757
ck_64796b6b2c3c7f06,0.021491361887073478
ck_6438ae81d43cb196,0.01221445520414015
ck_2bd73d9098504760,0.11879220959166806
ck_aa8b9b36a099e4c8,0.03090824055048701
ck_e5ece47d0dd10526,0.02516517580249064
ck_16077ac345472e6a,0.011982904074254447
ck_a4d6e152b0076964,0.014591372695426793
ck_d90b1d03ae151f62,0.02263178144425598
ck_18b36d342b530af4,0.022544898184141956
ck_2a01e610348b84f8,0.018367948586159456
ck_0a93ed76bf36c8b6,0.021131663599681254
ck_3d56b477fe2370b6,0.021422685940791397
ck_17ab3068fa303682,0.0034950332289626555
ck_592a3520d841d11b,0.03509590717617727
ck_84d07028b5fca2f6,0.021470338059466042
ck_f4a2bb10afa85743,0.0036336896076408867
ck_4fe4b072f03f2c1e,0.007063389643617339
ck_9ad08fcc183ea1e7,0.004413273317652726
ck_130d3848b9dcdb05,0.006655029775924191
ck_bb399ed6bf28c230,0.026525177226488714
ck_a31a64a39a2c4941,0.009520573805822179
ck_c49f25dfb39909cf,0.2081081553367072
ck_55f50a9ae2db8ff7,0.0030120023044498175
ck_09faa4e771cf876b,0.011046046173456846
ck_df520a7a6e405889,0.01520381358632491
ck_8c8c98cc694ac900,0.03463784738303771
ck_7f0c4f609673ef62,0.015411636984436643
ck_f51fe59cd445d2cb,0.01294365656042926
ck_b3fb83f0d772a831,0.006396477437238488
ck_d6e7e257751c299b,0.0017496868103037255
ck_0d362ddb4a1cb6d4,0.026455553014486242
ck_a574a08edaf81781,0.007189223065818848
ck_a823f5bcb0e4b9df,0.0015529498607586667
ck_f792586ad0381eac,0.03798724816188728
ck_54bfd70022c66983,0.005937197072841526
ck_fe0a9372c9372de9,0.014610902003176936
ck_5691cd6fdb6d8147,0.026635293286369238
ck_a95f212a02433d23,0.002586557593902587
ck_f5adad75e1c06731,0.0637175647862559
ck_e09c97520eb0533c,0.01930089758494108
ck_a1e13c0d58560340,0.0012068017718474666
ck_cacc2ca410cbe80b,0.01541870658557185
ck_c0dde2a6ef1e08c5,0.00262845565543148
ck_a04403073c90ce38,0.0012660076431125979
ck_03d3026107175dae,0.029687872940620013
ck_50176dae5b1b716d,0.003260770100400771
ck_6c084bfcb38e96c3,0.035937149739304446
ck_36d2be9012f7909e,0.036916392693551486
ck_958acf84c6137a22,0.02797995574372999
ck_114722e12db90a73,0.006126794253344029
ck_203c2a22c0c165ac,0.028047942609087724
ck_2c44ca550e5cfa82,0.014903909605539539
ck_df0a8f20ab8f14f4,0.061999502463607074
ck_826a27ff7555192e,0.013379508638029771
ck_09a988ebcf062297,0.06740886388450275
ck_5c82444b3b9160ae,0.028495137276626493
ck_f6a4a7ed27fe76fc,0.05536365238927352
ck_17de46314b5c6a92,0.01797623792128665
ck_335e63101b1e6c4c,0.23785908345561318
ck_c5eefc0697451de9,0.04028741959248405
ck_49a0efb5d4067b6f,0.11067362916334693
ck_c1f4509c8f5dac5c,0.0112099351426052
ck_57658eda1c59bc52,0.0027654028875245037
ck_0d5c0736ec76385a,0.00178950859999415
ck_e0239e6ae30795a7,0.024924077437649773
ck_e4459115cd8e5e4f,0.01145285351706489
ck_bb4aec09d4968dda,0.22098145325254062
ck_a1b4c96faed3e0db,0.028066856779126965
ck_8247b79ac67aae7d,0.02596272084792156
ck_fe2fc7d6e5d83f09,0.005479743963192464
ck_f6aea576cde8d592,0.0018804527035488567
ck_b7e7f7d0cd886412,0.11545178807474359
ck_ca7b993e8286af7f,0.004132992205479046
ck_47de038381a9cd65,0.03126297374520113
ck_d38f941d09eec820,0.04162052563487189
ck_d9ba2a6c0d926b4d,0.0053900467381863245
ck_cda72f597330d0f3,0.0034216553481029983
ck_16d2d27fadeeacf7,0.007074458520310633
ck_be05447853d423a9,0.0006528869288319965
ck_cd92852d7376a4a8,0.004632844028974451
ck_2faf7ecccc9fec58,0.0014080888378159692
ck_db8733fd92f20cd7,0.023978414867694708
ck_a9989a3a94c26634,0.017350896972054847
ck_957fb25437c75e41,0.10635308276008171
ck_e6a6caf6e7de17c2,0.01395769802672573
ck_f7bc569b37e8bdda,0.014979250011336934
ck_703b375dd86a6124,0.0257160320854203
ck_d3cfb3603f2c6ca3,0.058881279839600134
ck_07cb2b6f2a4303e1,0.03411928614992091
ck_31631e2028d4f855,0.026236824258905642
ck_1631bab0ba1256db,0.02294598460237907
ck_5fdafeaec036f016,0.022980500619208664
ck_6eda4c36aecad602,0.007163750942243533
ck_bd1bf9e3e29de281,0.06535296920416704
ck_bf378ea558a4125f,0.5960365697542569
ck_7aa2deeda0e57412,0.995202980026441
ck_d229cf7f5a3f38ca,0.010714273156947647
ck_9e109edd124492a5,0.0042603103820148605
ck_779491819995625d,0.021148084097666733
ck_b89c6fa2ad0a12f5,0.011152449768465625
ck_1d01b4a609918c4e,0.8993461732139933
ck_714c5d7cb17bc9f2,0.014547021632544337
ck_269f1746f2609ed4,0.014733208100051529
ck_4be03a2aa62b93c7,0.0021123319132146513
ck_cf920313f6dd28fa,0.031277001052193186
ck_fb00aae4e17740c5,0.014759326735147984
ck_085d8c42739e2b10,0.9962279722325295
ck_c72a7d0d03cf3e17,0.24293548122712771
ck_8f6ca5d3b17eac6e,0.00260815781210961
ck_d9573100bbff4014,0.2589452036203761
ck_79d6793d1d0cf43c,0.0026084603231991913
ck_91fa5032f7aff0f1,0.19581756468350497
ck_87110d84872c0fed,0.019767812449563552
ck_8220da627e9992a5,0.004118088265634421
ck_2ae44938847f3852,0.010436019246424223
ck_b0f191e44f9b6f35,0.08579539485762526
ck_3049d744b527f4d0,0.008602053674811825
ck_47d3e8d1dd3fbcef,0.025684684064808762
ck_ddf787359d2b5deb,0.0019839249674154097
ck_b27a9e39726b26d9,0.0020917005582944946
ck_80c4e9274cf976b6,0.9820954307208105
ck_c6afa913168ce8fa,0.010080778422577945
ck_52427b3f8478db19,0.0427177361540757
ck_3b810f15ca0eaa55,0.017296427895108362
ck_0c9e420f97baaa06,0.870508913121032
ck_f8540cf3a8b2f8c9,0.02318549890986188
ck_1402d24dd623df72,0.011003719411342778
ck_eb4f4267e24d042c,0.01124806287885307
ck_6f661b428d6fb8e4,0.03172635998720759
ck_519a26ecf3d29c90,0.004778195668137051
ck_e886ba71d4a6fd73,0.01846168778711155
ck_437f9ecd2016a1a8,0.0036052074290080223
ck_f01af1b0c977cc06,0.016795605290483278
ck_614f777c2eb5d537,0.0062242628270841585
ck_b804e784cde9af8b,0.016896776447613778
ck_c2dccbc1b24b137b,0.0595860323114566
ck_1df4a1781a0f6999,0.025108143755862553
ck_bd2cdd53fca26171,0.0162199220797492
ck_424c254249a109f0,0.053739894119264206
ck_cf2ca4f286e289ba,0.027890820088100524
ck_6c33cb15b0d8af54,0.013796398901713837
ck_311d395fa9b8550a,0.04827510650893044
ck_9f792e7e721ff7f1,0.006645848442142761
ck_4c37586080edb7fd,0.0012937869701459786
ck_7c4f42c5397113b0,0.003919177563495661
ck_fc418f53ce4aa579,0.8788833112762123
ck_1ba28fb7ef726ce2,0.014835955648541569
ck_d932f98bf6b83956,0.0424401180716154
ck_248b3659a9239240,0.04170512170165337
ck_6a92cf5f4cf5de38,0.028126378262755023
ck_65519d0fb137e0c5,0.00844900945276743
ck_ddc3fc99eaba2064,0.028913944773146554
ck_7310cda3bc65a73f,0.007189431775029743
ck_c01c85bd631d4054,0.008663404068100617
ck_b4954d16b9749829,0.02169485679313733
ck_f301f6758e170d66,0.057593541605465384
ck_9bf95f8c47e7c7b4,0.008872825946804847
ck_c91b7fccf6aeb4a5,0.04742641027118378
ck_785fa45e86bc5e95,0.0192250355497799
ck_2a65f1cc23f1180e,0.002393466601917948
ck_a49a2c1f881a3560,0.007237179638289785
ck_def344d68f06d749,0.011173063402219845
ck_abbd1465fc730d78,0.014133275189921737
ck_07a5610ed28162fb,0.027122467168552943
ck_7ecdee2d7127be8b,0.022163089193174498
ck_67858bc00e81490d,0.0009602182114207685
ck_b4ad165ace910222,0.0150764575044034
ck_30753ffe481a1b8c,0.4718379946398952
ck_c401a26725b17177,0.0015114914958969077
ck_819988d8a7f26415,0.006054233158141025
ck_3364a1d9261b3638,0.010343882113432795
ck_c484c5bda389bf20,0.0012291515017917624
ck_ae416325fef92c9d,0.9565466559427013
ck_5517b9a865960542,0.007458529353853065
ck_a0e96fed380440b2,0.023009511383711267
ck_e83409471d2b0b44,0.034195995193096324
ck_127273af97d7827d,0.010697109739017307
ck_aaa9861c91bd14dd,0.016252063675425064
ck_a378c58294001a36,0.9262860356269121
ck_abb9d65ff1f95b64,0.049964635897109505
ck_a5ecbefa849ae569,0.01404086001516347
ck_aa9953c0ca2bed7b,0.00187746354739586
ck_40bc6de252865f32,0.005476597747586862
ck_9fb11688dcfe1513,0.012316210054863054
ck_ba68841ca2ba073d,0.03133630848055754
ck_1d3e561a7d20be0a,0.9698459594594605
ck_99a92d710a29c1d0,0.031019484873226495
ck_ede2e887697ffac0,0.004313742780720215
ck_e6de67c0d82a7b83,0.014579092624104933
ck_6b38763bf5ddbcef,0.03239614852610693
ck_8dd44eead7d765a5,0.02809077307362338
ck_30bf5b0056eea9e9,0.19813795912696644
ck_2981d16f8a51a8ed,0.06257443368720463
ck_fc60f42c68c7024f,0.07186918616983318
ck_8e2b2251ee224aa4,0.009265595946451814
ck_1906f0dfaf6e9bad,0.6147912219229374
ck_dcbe6814fc4ca0b4,0.04386868341433349
ck_f7e958a286ae3b57,0.008300344685617727
ck_713649668a7ca824,0.1699588644604463
ck_6f73cdbf9305e2ea,0.01006414168518912
ck_dd1c490050cd9051,0.03390468125495463
ck_e30db36e376606f7,0.18625824340287636
ck_740d8fe8028b5a2e,0.0068290302739526625
ck_ebbc9418cd41f692,0.0019234177268484653
ck_7b3cc6cc3f250f39,0.0162830582500864
ck_1d30eef7110809e5,0.2706521463929838
ck_77e0589ab339ca66,0.009145042506154838
ck_15ccbf8ff7d14086,0.015495056227308611
ck_246989b0c288664f,0.03223008663147541
ck_fc2a6e27b10b10e9,0.0021734116724211696
ck_8afc1112c12f5402,0.016155175459795442
ck_a76e8d83b9141364,0.04234073431881838
ck_51d3e8dd7465c015,0.005320732153397347
ck_e7b4016909405981,0.0030392915682397915
ck_e7a3cfb9bf908e80,0.02625027970662929
ck_2bb49dc2388cdc1e,0.005286919619078775
ck_94f4266ee7871345,0.009485188540373638
ck_b2c896beec146477,0.01917726723977017
ck_fcf5d4a4748cdd53,0.0066977600513955585
ck_fd0483639811f62e,0.1393371143901113
ck_9a21d183524734aa,0.06053129691970061
ck_1df4b46c0a4c317d,0.051501877149455394
ck_638df9e8a22dfe0b,0.01299861902196388
ck_65acc43a6dc3e65d,0.0149949438992143
ck_7c67b73196e3d0d9,0.013284674651631126
ck_b0ee3a98175b462d,0.011347288524257983
ck_20fad010969f1abf,0.00270640771455787
ck_54b087bd873af8b8,0.007482985884997646
ck_8007824431fa803b,0.010513623692694592
ck_23aab322810b9fec,0.008751752839051904
ck_c8001bdb9aafc8a6,0.014744756137621275
ck_3a34c3ac83cf84b3,0.024737791191182242
ck_60187ac2c473a662,0.959463975500552
ck_6a0ccd7357979f0f,0.05662471546632818
ck_27f20337bef5ffe0,0.0385137291055903
ck_f9fc468915afe49c,0.04158861382557175
ck_1eabc15a94bd9009,0.013446212249319437
ck_26896c494b2768ef,0.02129934374679303
ck_348c874eaf0354f4,0.08916664977819169
ck_be9c46acd216b45d,0.03188266653250313
ck_a3cce46d15cc20a2,0.05431069253297748
ck_70804f60d9704128,0.07055260879910856
ck_a019151ca8e7527a,0.02719596696113223
ck_571133b2aa8ead51,0.024126600961649054
ck_0afa4449f20d5196,0.011087792713998419
ck_4d503c41cf4e5034,0.024451408317897598
ck_d6fb9cc5171e3e9b,0.7775435919119306
ck_05ed92a7c3e10e5d,0.024046409313475584
ck_bfb067986660afe3,0.048370246964628626
ck_c1a31690c8573226,0.004353268809883674
ck_cb88ef3dc1f42225,0.0019377394667040085
ck_21e3b3bd998745e5,0.06189179070986353
ck_cf52e46fa54e4540,0.002452962669778005
ck_b72c7ac4208052ab,0.024194634390254908
ck_e6465c56b337e6c2,0.01420504487333334
ck_5f87eb05d18186c0,0.02117548243337067
ck_263f6c5ff26b5e98,0.0064222367000490894
ck_e0b7e2c0bbe228d9,0.006261867777203991
ck_b657ae3c146cb7bd,0.0036938938664169835
ck_abac514d8167ea58,0.055169752623194915
ck_024dcab126876002,0.02338232331684905
ck_5d8481e2b38bd99d,0.015461851143792671
ck_edf229c17d25dac1,0.1974790843048515
ck_6cb7c97b72d6b5d3,0.02266707130316386
ck_c96ae2c28086a059,0.050132986803213694
ck_2f241b97c0f8389e,0.01933509918444535
ck_9158bdbb63ee8987,0.013775664778733399
ck_e7b40b60786c1530,0.009712708813249067
ck_66d38518f68e6194,0.0027947215039771925
ck_8c9b57ad2a991416,0.004941362740201194
ck_cc91bd7152d3e9ba,0.009096588108259265
ck_0d846660c7957a88,0.0078012554508635305
ck_60896cdac2212bea,0.1099011195742171
ck_dc4db8b932df49de,0.06225403428064153
ck_2dc31db181150e20,0.007349711867751987
ck_2f138fce1171e277,0.024093201928316023
ck_68b8b859a6ef505b,0.023083508856243162
ck_c3fe0c6c5e1f40f6,0.00822257889247962
ck_15886fe84866de92,0.02454659453598621
ck_ea269b35406473e8,0.002285935813455406
ck_3ce7cad1f69b71d6,0.02009968598267639
ck_054ed4288ee58d6e,0.11798724560535102
ck_3d4913a86f207fee,0.03726950016026628
ck_23ff85f9d2355e8d,0.03239017218996626
ck_d87ab3261322216a,0.0010902553611381158
ck_fac046ce336fe39d,0.008601923516549854
ck_beb97e498e6cf8e8,0.030090808597864293
ck_1f517e0ebf397b51,0.015054555785652615
ck_0af57ebaa45877a1,0.002891659623471563
ck_f99bc1732ce5e999,0.03570869361651806
ck_abb056a9deab275a,0.02747635539206176
ck_0bfc394c5faa65cb,0.03541338422512524
ck_ddc865af1dd5670e,0.018442732159839628
ck_68b5542459638b56,0.03583190945241581
ck_0b1d84252c0b46c2,0.006664310055259612
ck_520ec32c4f253604,0.021617209411808794
ck_79ffcfee599d77c7,0.020042457718114512
ck_eb224c0fd146253f,0.0965100100583384
ck_0e477084434da450,0.01970789718451357
ck_07840bba5570785b,0.03843483832090785
ck_6b67fe8e310ab865,0.01382376762322025
ck_e2a1068c2fa22525,0.029596707245939356
ck_b9c6b32f6bd92a3c,0.002740172222527774
ck_c1e7d1021ae58f00,0.002301723619779265
ck_5d7801201749ffde,0.02227931224074025
ck_c8806749e263f70b,0.0011553891122601486
ck_c9eeab826781dc91,0.025787776188565543
ck_309a432c160a17b3,0.013056526966742229
ck_b22e3337b8e3dbb2,0.006804789901495989
ck_79c30169c71b8033,0.874993058541787
ck_5a6593d954085775,0.00260456012140142
ck_70b9b79ea1aacba8,0.02503391298945866
ck_63743141ffa11f45,0.013163337583441547
ck_dfd3dbd0d97a642b,0.017850201804519433
ck_635646a661f05b4a,0.02613636949812627
ck_4b123d6931b6d0d7,0.1256940805316939
ck_f2b0e7a47f442557,0.7876100985483443
ck_1b1df006b81d38ba,0.0145839244911443
ck_360237c1bd30f4bd,0.007023762542785827
ck_5e84bca0e362da20,0.03678198825396155
ck_142dba210ed2f3b5,0.0771595955189473
ck_a3564236069e3524,0.11358182343943893
ck_cf36d8b070ded782,0.01649017557882509
ck_ddd6625c5eddad70,0.0017761452477020674
ck_ad54292a0b2f44ef,0.01762061115110638
ck_45cd5ef6b359e9b4,0.007981295631443059
ck_982c2392238b7be3,0.4782027989577277
ck_083e4ac78685c3bb,0.04280686130804506
ck_729cc0b46cc2e546,0.17445392755520295
ck_f2b8995fe5402759,0.005374291011870363
ck_73e24f5a8da289b3,0.05156185710064226
ck_bd85f30c36f5998d,0.03831915162114641
ck_ee4ff3aeadf912c1,0.005522672184113824
ck_63d2978706e193d2,0.019296263214471022
ck_6a0684436a1e66c3,0.7153085777151907
ck_182dc4a2f5a366da,0.0018848431351234372
ck_e6fecb82fc2a82de,0.008990416586661944
ck_cfb06f07394dfe64,0.001589563013809814
ck_7bbe1dc8add17ef0,0.023517418764262936
ck_5cacad76e02c8e3d,0.6030830884052151
ck_ca68dec0c7df5a12,0.006634744702589031
ck_e4c0fc52c82065d3,0.011597590370190482
ck_f9197b070416f443,0.005215866406447496
ck_2a07c7021b71cf65,0.07470100805180105
ck_4fa85cebf707de2c,0.0028878494939324883
ck_0063d2a9507467e5,0.007295033622537832
ck_ec986285fff05b7d,0.003985647177445627
ck_279d43303708109b,0.02635300118135123
ck_a406bf11e48cf8c5,0.04666951567359573
ck_064b2aa3f0bfdb6e,0.023577660936541133
ck_95790440bc4bd2d0,0.0206115400202952
ck_70066eea13b4c34f,0.008627485120976509
ck_19468fe07e26f992,0.8767647546454399
ck_86bfe328e0a533b9,0.7054149197703644
ck_ace3b96c977a7560,0.3467192008125661
ck_642344e5c652d8df,0.024950244724498007
ck_074be35c951ae10a,0.02936384027696298
ck_f14dce41036486a3,0.9905984122610326
ck_5cf67a3a747e684d,0.330945469269294
ck_f7285b92648c1c81,0.005995839003259575
ck_bef3193f124fca5c,0.20640070903734778
ck_05c4dcbb45de1f8d,0.0038813803632991016
ck_d7c28eaa05bb7144,0.017463126675016268
ck_320df984791a1b99,0.007909345666758091
ck_f45bad1606fa00a7,0.004904969542975817
ck_6f81c199e986d9fc,0.01548194080211441
ck_d0c9633fed57c344,0.033152131934769506
ck_a3c25d6cc7478068,0.015555120636081783
ck_4185506d12cf9fa0,0.0022782805071921456
ck_7a02ee1bfba7353b,0.021406065126277466
ck_1b52590757c0fbeb,0.011138322110346774
ck_a0e5656e1cf9cbf5,0.006608785381935687
ck_ace21f6daef94f6e,0.00973964759810172
ck_646d8d0834782d6a,0.2516081301294682
ck_1f136a4476b5e775,0.0174942080285035
ck_325c7643cce02da3,0.039689284731280944
ck_9b5e7fe28208f5d1,0.006334780882803726
ck_05d81b1a150f31c5,0.002056715179046539
ck_0e9ec486bff403c5,0.013552675217319402
ck_ee13c091bc379188,0.01727138067160725
ck_f7a7f8f5903617c5,0.01997148446670059
ck_96c3a3517153390e,0.031800937436888006
ck_538dad7f096458ad,0.008644942107487254
ck_8758fc6622bbb7df,0.021304307758179066
ck_f7e53af3c91fec64,0.04577091231910684
ck_80b50fad7f255e1d,0.010739216564329905
ck_9645e7adc08631b5,0.0305729161673533
ck_e007aedbf37d6ec7,0.016529229778510894
ck_2951d76c41de2569,0.06612536739241857
ck_9439bff87e616d4a,0.020693702818690776
ck_a73045e96af0e4fe,0.026820399295933977
ck_7b382e533e2e925a,0.021823854847115038
ck_730226c2d216cacc,0.012791283418570864
ck_bdf837d761a7cec2,0.43551320747551064
ck_0b34197335ba3341,0.010280148670228056
ck_49170c4b31a20f5c,0.0019785923563216123
ck_cd553ba6589d8bfd,0.016011175086706547
ck_56b992c6f136fa5e,0.03655736248110045
ck_8beae3d7328fa41a,0.038386901140833145
ck_1a065ea906ae3d6a,0.011150422540241635
ck_e9e3381d5e0e5051,0.003847117290276514
ck_a6d4f998dadc90c2,0.771532477973445
ck_d36733da917115a6,0.034909271648388966
ck_e738e920bbd74a7d,0.0193431633530182
ck_af65eb885a51048d,0.004288968721678031
ck_73f4eb09af29b1c0,0.023695126093863254
ck_8fc641b1750a2542,0.06580940600047332
ck_41b954c7a948c060,0.010933196185575941
ck_25fc3010e8a0f6d7,0.01665750032328137
ck_a2624e0387974e0e,0.03112441196752912
ck_5cb9d7b2329d5ab6,0.03199685169374762
ck_6c83aa1d100a7cd8,0.04419277143686896
ck_67025c64588abd1e,0.0032473919329274654
ck_f5dde68f6f0468e1,0.0025766960411842603
ck_46bfb2cfc29a6d2e,0.011723770545380976
ck_49dddb894d33f6db,0.04863308525806821
ck_f738b633b8862d18,0.0015387458369952101
ck_3d6c3c00d854f5a4,0.06957862399294275
ck_cdb8061d8d1a6c5f,0.004209971985929901
ck_5e1b81848718bdc3,0.05076570375902299
ck_8def763034187436,0.021883590081644446
ck_8f8e4fb9c6190272,0.005294680547685323
ck_368b968b5f33431e,0.0024672376131465398
ck_ba7e347251ea399b,0.03091791987294182
ck_9075432001a64e75,0.009285341154497362
ck_73c5371635aca173,0.7020560855536525
ck_81793387b38047cc,0.003205318349063863
ck_0cf220816e320ac5,0.007753004186371237
ck_820219bb9c761b52,0.1978672970096421
ck_70a932ab39d86a24,0.0018550453140535664
ck_2c4be237a7ed79c7,0.0034375752145787567
ck_acc764b49ef02826,0.3435702843085599
ck_74c3c3452e4e7cce,0.0035408328517590767
ck_34dfb57e5bf31d2f,0.04825698697722619
ck_6ec39903f765956d,0.05526449767946921
ck_5986119e7d81e831,0.02514891313373003
ck_2ddfc948b8eac752,0.4844375858186638
ck_921ff5ceaf40a968,0.032580556873625426
ck_fb3b68b4424b5f92,0.04576168399941038
ck_c3db1b3ad4f16679,0.014552079553072134
ck_124a197be41687f5,0.02097164228454141
ck_c58d9151834f5bad,0.02325179715257052
ck_389607982eb6b701,0.3906461204975101
ck_fb0c138c003e933a,0.0019819715849413583
ck_50d0bb7edd8c69c0,0.06462250485502229
ck_c6cb651149dc9a8a,0.005620723541999819
ck_81e21354e477eceb,0.046173643702264115
ck_7696e38b3e4197b0,0.01299841480570076
ck_586001d3ed9e7fbc,0.0011841740889991343
ck_bba413492dc46f2a,0.021961846881517977
ck_95b894380ad2702a,0.025310660405858193
ck_277621473369614f,0.9944795197170092
ck_a50621b5eeca84b4,0.002805398996212332
ck_bfa7ba218b988cde,0.04481244467313982
ck_5ea89567dfe78e4b,0.02014818549464002
ck_6c679602a6476ab2,0.006745379647263298
ck_d3885e286b3b11d2,0.07042396015774323
ck_cdcf6671b37c9c92,0.009440763540662277
ck_b5c93e6d34f8d366,0.0033201502239291443
ck_c24f61925dc158d5,0.11694769982429236
ck_cd09375e6c81d2c4,0.03203524849600099
ck_a95afc7a00303a26,0.026989550465207658
ck_8e89ca8b39f3f8ad,0.005515258137583853
ck_9a84b396aada3fa8,0.060340195096597264
ck_5124a2e415384945,0.06527772255865055
ck_d66bb1f063357f99,0.00819490265559404
ck_0fd9312411b0ac55,0.027000720480956433
ck_ad8cbe6e27e47ede,0.018783014627173692
ck_8398adeaf41f9cae,0.027365995495709713
ck_dcf851e7bb5855d0,0.0031941952824878013
ck_9affb0f26776b642,0.003706196323331413
ck_f0424b3b36bdbef0,0.0717861313432682
ck_66746d1090d6d9e9,0.002867860877610961
ck_e5f8c8a5824db594,0.00788483596243317
ck_3e91dcc209431984,0.021789144158776756
ck_126a82e8d42e5ce6,0.004392145924253273
ck_38e4a74ab256e2eb,0.013713734307984523
ck_1225a97fc413a419,0.031321159547725595
ck_9b5ec0f78e160e65,0.010538212904355325
ck_7c5529bcc079600b,0.025888111395727983
ck_29640fc2fe81c251,0.010932788614230797
ck_160e9ba0a3f7c1fd,0.005542974552190913
ck_bff090cb4ab76b9f,0.019585903931291775
ck_aa06ed358e43db69,0.08045503583197601
ck_7264486eb512d84a,0.01347601940458226
ck_f5a32e6160b28379,0.007875910060929206
ck_4ba8bec14c2217e1,0.02360837231725501
ck_610815786d729d2f,0.01577275299138659
ck_e267999226b6321b,0.0010474989936734439
ck_f3996a3c8eea1ea0,0.022714266253035333
ck_e9b75ed7567a3f23,0.019917942488056853
ck_d21612d48bb4f7b8,0.018319258342841555
ck_1f871df76c6a995b,0.02787745922614609
ck_953bd5de48ccd70f,0.7593975896099958
ck_02a9104419a6dbaf,0.010964712582515208
ck_1eeeee651e05d535,0.04527293421531
ck_e2ab04136a442a98,0.0049280573675311865
ck_f0d806624ef3d359,0.0165302761233464
ck_4b68b38c1b3326a3,0.010935494512297127
ck_74e60495f8861156,0.0227652454999302
ck_398f3f4cf05c721b,0.006041999127920419
ck_f761b7650a0c1a85,0.027614568759352233
ck_7dadef33f5e2d94f,0.9716534972988607
ck_6ff6883633b8c7ba,0.00251859512125092
ck_4d2159603045109e,0.01329076020036233
ck_a38bd07a5fac5c9a,0.004797985560794896
ck_f517f06551e69507,0.003329993647376381
ck_a7ea00a1760ad561,0.9779079230162083
ck_31fc51d5a3dfe16a,0.037984065228656654
ck_bac5233623b25ca4,0.020321189845169077
ck_385188ab27784fe3,0.09038876441450999
ck_9947a323bab5cacd,0.07756948102414729
ck_7973edc9f22ee7b6,0.04481447539329923
ck_f97c477986043755,0.006610062307865831
ck_1a3fd2cc4b4de196,0.005025896250046016
ck_e18ac29ea62cb435,0.023258424814319705
ck_9720a472a3e0140c,0.004825170801624427
ck_668c7fc7d7e47c0e,0.024704336070323872
ck_214af0806470ef48,0.024633020032514972
ck_a46c1773f01f0be7,0.07666341904840028
ck_f2bdcfb4203ffdee,0.06554270041264375
ck_40e84e6ffe788a4c,0.035450439072541653
ck_dfc6f5712d8d6678,0.083451690903541
ck_01ef1036b2e66a4b,0.014310728267394197
ck_3acfec10eec32f9c,0.029577581233042317
ck_084a85145c15ed77,0.004783663471779892
ck_fcdb4fe2f095fba1,0.10675826239087151
ck_023908db0a193076,0.1550512255538623
ck_fec0ff92fd622253,0.019435306214022945
ck_c009c97d5fafbced,0.15439516281915316
ck_eb9f0c06ee017ee5,0.014391985092785525
ck_d7792b429620fc24,0.006506493554338516
ck_5e9e149a3b69c726,0.02525981799995336
ck_ce927322ef8f651c,0.014264446853571252
ck_b8fd61a8e82bce32,0.9685854107341443
ck_9aafc33fba1474cb,0.008468717307488098
ck_ce81ff9b8b35562f,0.009839789543672737
ck_25bfca1d8eaa152d,0.015027113409641132
ck_170c65860e2a7e23,0.012195174589194715
ck_952da7ca9f33decb,0.02901448068644553
ck_1ebd574406235957,0.01792391053227583
ck_589109a188adc2c1,0.0046496913775631475
ck_f0cbd5383bb07778,0.03859142702067541
ck_242521e261148fba,0.009694409829602632
ck_509cece86a558de4,0.0056007065773025985
ck_0dd7c5925d28755c,0.007083837855861713
ck_a7e669cf1c3985aa,0.041024790812100094
ck_acb84dc2351eeb76,0.0043858791488201165
ck_b837c7dac2a9b931,0.03689708086331779
ck_18eb1f9181f95df4,0.006180176691598333
ck_b0b9047dddb1ec84,0.2811235307905929
ck_43aa136bdb0a2832,0.28794298939637736
ck_3e47f8c56c811700,0.0074570700852204155
ck_77c587d24695ea15,0.018060287978300893
ck_20578ac693ea4e93,0.02155090169697073
ck_b9f6040eebd1605f,0.07524964481911488
ck_ca9d86f65cfdf018,0.016890784024497514
ck_a4fa8833995c716a,0.012338799669950667
ck_f589f1e29301b5fd,0.03184734848019916
ck_961ddb8ff55d868e,0.0019173267040903065
ck_5662492a54e6688b,0.08054507737956379
ck_ad48826c1c26eb78,0.6106744223351404
ck_621c9ddde6bf2eca,0.040962368286917794
ck_417a3500b2c717b3,0.04012703303882858
ck_c7e129058beb3ac1,0.04083146492004994
ck_ec1c902b9b9b9c5f,0.2686924961861833
ck_317360ec0a67d27e,0.11869992931091851
ck_3e3ea5d8c4a229dc,0.05658487631514416
ck_d11d27de7bf0b973,0.32699356219129266
ck_d37d56e931105db0,0.014062095286039675
ck_4863077723cd6ce1,0.002267564816662176
ck_479a065d5903e9c3,0.008980047550063399
ck_e66ae4fd586fedea,0.011992611727609065
ck_192bbfd0d5720134,0.0210599893962146
ck_3b436cb29af99f3d,0.027529825956983476
ck_7c7ca54969eed187,0.047849510179396135
ck_826ee896c9f1144d,0.11651526045584362
ck_ba1f6dd43fc8a0b1,0.00811831641578208
ck_49685deb63e4e8f8,0.00802052590649611
ck_687ab5d5554bfa79,0.021363109463214763
ck_41346ccd9242cc8f,0.0032137170859354563
ck_8f8e5e2b9dfec3d1,0.028323966452172684
ck_94d5ce61a0c50465,0.012458366594566785
ck_6b954c75aad8c012,0.026240978907515134
ck_748af92828c9d288,0.0011651900787898516
ck_dddd14091ce812c2,0.020380203097782663
ck_723323f6870fab59,0.035253321138351335
ck_dbdf8d0708cc6718,0.007663810492505214
ck_f04938570a154de3,0.005517345294174544
ck_58afa1550b3b5294,0.01981740669629505
ck_3b150afde386ecff,0.03962070687302612
ck_666b95e75d99ec4e,0.83842692274787
ck_e00332597cf1eb24,0.039907047490702556
ck_9a9e3dac79280d7f,0.04365778675470367
ck_e8d37262e859d9a1,0.018478507088790994
ck_895bb39d24bc1c4c,0.0021661437516042473
ck_b367449195e36499,0.015249636058501041
ck_d23f9a50d1135ce1,0.060248685088022384
ck_670dc4910cf476c2,0.0013749426988738367
ck_3ecd8a5ce65e21ca,0.0051430987300669
ck_8584fea2df4c6317,0.020151006378441107
ck_0789ff4562202b20,0.034019997658696635
ck_749e0e50c3907be8,0.002013531888815377
ck_c3ff6790cc6d7e34,0.007443699956461356
ck_75fb7e56432ee4b2,0.019267221546689858
ck_529fc3170fd11abd,0.0803552646278544
ck_34a69b3b4a681796,0.2578058070460082
ck_255f0e5888ae9e23,0.03204084516394532
ck_65be698386474170,0.004186027347418428
ck_5eec9ed855c26000,0.0037392039821565856
ck_5ab39bdc9610f6f3,0.5750852773113415
ck_1b5b75762f033462,0.028204902968861228
ck_d3e208671cf37f91,0.6254484111836165
ck_5068ee554ceff971,0.038669504565396036
ck_d7d50fb57fcb2d0e,0.0012907826978535487
ck_ba6e1115fceaa067,0.10173092565135351
ck_d07bfb16a4a7dac0,0.9039314559855083
ck_ead68310311690c8,0.4015859087487638
ck_ee53ce862bc9c111,0.021775614301549825
ck_97e56e6037024dff,0.0022727061068624757
ck_80b04344c98ec072,0.2142907577218036
ck_5954f45a2ab45f43,0.02445761234866746
ck_18ddf7e836256e3b,0.01958482456795931
ck_89a1a780144d808b,0.0182573235826808
ck_a7331e8b808c39aa,0.08368955366048202
ck_a1fd0ad03ff9b776,0.020990619516391227
ck_c0cf50eef030b401,0.0033436146193813756
ck_074f20921189e7d6,0.009584622939627852
ck_e2aa7be60794593d,0.11386916191841852
ck_72771757dfb7f7a8,0.027684005031412308
ck_a9cd84a6dddfe584,0.021128194926102847
ck_142c00f9f8557504,0.02054486511958175
ck_221b5d40358230f4,0.015057126946548753
ck_a2d7a563f520b7ea,0.013363573597209853
ck_66cd34bc568d95e0,0.02996644078768159
ck_a17128972d3e507d,0.010033629376974855
ck_bda299466bb2136e,0.028001828512750064
ck_2b699066665abe8a,0.03062632347998211
ck_0ac9848bd4ba0c14,0.001799065918739144
ck_98d2f9a6ba3a3077,0.7205034838209516
ck_a872df31b28a5f7f,0.21239159500625374
ck_7e73e1d44ce82ed9,0.015377870862355168
ck_1a415416f620d49d,0.011247050580625808
ck_c95c786d2f8b8edc,0.00791420607601407
ck_e45012f22b7f91d5,0.004107719649637861
ck_aa0b083e2a6813eb,0.024180811397943102
ck_4666232ddbf77756,0.008288402730519806
ck_e08e9c8ec5f23d8b,0.028035091967234953
ck_31d4c0518e5f52c6,0.006613391781912607
ck_c1ab40638f04cb02,0.015649257531934035
ck_4c1fdd1669c7cf51,0.007093491621789207
ck_11662cc7940ffc82,0.05655383164771029
ck_2e679af24adedac8,0.004197483494802101
ck_454b9e21b7f25a4c,0.004472764102258153
ck_355c4f29089731e8,0.7389852705232671
ck_507e40760a24d2d5,0.02949896089643637
ck_0943e0f305078e34,0.9939447821448519
ck_abc54ed7111e9ed1,0.0021367438716084746
ck_a60fe02fc04407a9,0.08071970008042735
ck_244b897bb4d57c1f,0.016208156483261946
ck_8c84fcde93a04334,0.1488939693598566
ck_9eea37d2de633b27,0.012605275214264543
ck_b2cb9e6610eca967,0.014725130804744139
ck_09aadb4c41b166f1,0.08330188693743547
ck_8d94fbb4828ef326,0.0068866791979787425
ck_089e3a07abbe3b8f,0.007337832452423384
ck_dfee9de05e3971cf,0.009731058397287452
ck_6abf8302ce052451,0.058328533687077466
ck_6ffa90143838a4a2,0.002283156824959245
ck_325caeab5c7a9c3a,0.013308839041922258
ck_1964ee9db929a173,0.8554638326563619
ck_942b95988a6245a6,0.07188262900890377
ck_913ecdeeb8e21a9c,0.02782929092608296
ck_ecf9794349eb4b3b,0.038989212815804516
ck_b6cb8d6ae828eed1,0.04268614172268503
ck_2f82ea66c4f53b33,0.14132896141033677
ck_6e676daa4855b58f,0.1709598316700288
ck_2a37fef48b44e9c8,0.019988036601417746
ck_3bd12d468fdc2450,0.02173116223945221
ck_1a28b6a40a6bd3b4,0.07763289027981758
ck_61b79dec96d15713,0.005837059229989344
ck_31d5e3daced93d3c,0.018999817719317375
ck_e6c8611c0cf233d7,0.004642201843913957
ck_f04761b4a937ac3b,0.013341591613655049
ck_38c1c75cf055031b,0.027399686445070147
ck_59a561f3df01441a,0.036636537094644185
ck_04e40f556a5062ef,0.01290413998059229
ck_8409716d174635b6,0.009366927910383674
ck_3019afee83342701,0.04925700730206589
ck_b51a58e7f032c9a8,0.045501872511666305
ck_5043e474f848346d,0.019161558765660024
ck_4388abce33ecd01b,0.30739724024000564
ck_c93def7392f0aff5,0.09061950511494246
ck_72e7b1acc19df820,0.010141816112286416
ck_f253130dc3ca5b3c,0.011297712215196966
ck_eb264d1b180d4b4c,0.06261440087988882
ck_c2504f5a113433ee,0.004049187389055333
ck_c16ab1e4dafb4910,0.1416571299877824
ck_4bc42878fa180991,0.04999438914810751
ck_1c771a7c78f6622c,0.02529453948304374
ck_d523f0e50a2747ad,0.006475630601292926
ck_9060f4e7ab7a1b0c,0.015311146939339564
ck_6b55ec4e87a5e22c,0.056832448211048776
ck_55fc62a5f89a7251,0.02041740140320369
ck_bd2545c62f258231,0.05615151557101312
ck_1ccdc69d0bb712b4,0.025579424802111082
ck_710f867a3bd5898c,0.0024158117299702083
ck_f91d48c40337d375,0.0049984575213171374
ck_f76d929541ed41dd,0.019295709956933187
ck_e26a6659c237b650,0.021393055573713814
ck_184983177b73dea5,0.01947291304507134
ck_6d0d081bfa8a0022,0.023351054326654342
ck_2f6e64f638da0f97,0.0052343874616077295
ck_15b93103ccd38609,0.011948333735112818
ck_094d10439b7b4eac,0.006098350616388355
ck_d2ca47180a926ba2,0.01910932713717183
ck_a69ca7b9d70972bb,0.004086431632366945
ck_68914e67343a7d32,0.008825194515980316
ck_8176616132458c0f,0.012893001068847111
ck_eee99af3598311b8,0.03740557222720128
ck_94410eedfca91304,0.029462279328700124
ck_cfb11a0a2325bff5,0.005480656273225998
ck_75217ee144b715f8,0.07017721229322223
ck_d56fc799542299b8,0.0039178916990185095
ck_4c352dd3e7c81269,0.04658254539813278
ck_e23e50e02cb3904d,0.12446019699108064
ck_b921af37d500e139,0.020043666945071183
ck_82181b935360dcbc,0.9655824030370903
ck_22a7cf3b99c5e5fd,0.03197132973068569
ck_f67ee7910d532216,0.04928704829533842
ck_5f48762a14a0326f,0.003566137456011527
ck_1757fcb0e6e3f88e,0.21487693456616255
ck_2c2f080ba185016e,0.04170802707616861
ck_4c25570eb72711b8,0.003910206835471166
ck_a3be871ca22ac416,0.025012729335129956
ck_ab70961e7c6695b2,0.016196007551647944
ck_a1cdebfc42a52448,0.004452336594889667
ck_f1b80b821a20186d,0.028624340538661253
ck_ae668e4564cd2aa1,0.010650336359785576
ck_0e2bc3a5afa439d8,0.05363338074901747
ck_3dc378f37d0b74b8,0.016783290365824675
ck_9f9555197480d1cd,0.008653085746494076
ck_bf4e7d48770a4a8b,0.07665053138640358
ck_614ef655f0685060,0.003320569737998182
ck_04d2ea38ee27770f,0.0020847978085363535
ck_e03a9d8ac94161d5,0.005830239910438917
ck_d4007b5b26d9d854,0.002306438280833293
ck_2dd147ce6d61749f,0.03607351385831158
ck_ff45764ea7d6619f,0.022970484209548232
ck_dbc487cb0a6c18da,0.7954116969540976
ck_791d5392bbd80447,0.007213218903939062
ck_b4068439c413b150,0.017091505979581697
ck_85df7b7de9700aba,0.004413160563098733
ck_001e42551cd06e40,0.00809124973840526
ck_a6c02ae50932cd9d,0.009075914067444905
ck_9fd0be2c018ff5e4,0.02102128385204715
ck_32a495128395fde5,0.002885620113102096
ck_b6f2a2fd232c141b,0.03218969111637322
ck_28dde633692904b0,0.0678434402832316
ck_a1a93c5f375f6021,0.006102647692720205
ck_e3982142336782df,0.025670630623391172
ck_a9812ff3c111ea94,0.04013641084303404
ck_f04062216f95fa00,0.019186315972403025
ck_7c560467daca735f,0.0008361595868915788
ck_76ee10d6e2dba70f,0.14873009493578399
ck_3521243bdac61178,0.01734798424834082
ck_28588fb03b320520,0.08123506998974561
ck_580dcec33ec232b8,0.012170820467932568
ck_7109923fd7dab20a,0.03286051049586069
ck_7c872c99481c1e9e,0.02167973963267748
ck_46f4e1f5026f4d1b,0.0009803650891257126
ck_00d1ebc31ec4653c,0.008751330321290387
ck_aac70764dde15168,0.03328825810984454
ck_648c03f9aa4e45f1,0.06513606219240271
ck_5478eb69ef912785,0.1388937467676628
ck_79b8523137bb2603,0.060908048576851274
ck_795c49f312640019,0.0007372266729374219
ck_89184bf7b7fe41cd,0.383913348150186
ck_97d4bd922996fa10,0.005795140405133328
ck_1cef30d08f3a598d,0.002014623026817348
ck_2f9fd36a4a40a6a8,0.002389773283620826
ck_40780fc0f8d6f309,0.015647023168104728
ck_9083ca9fec2a7f4c,0.018895994398428626
ck_62081bc35aa59931,0.008428402682962643
ck_2e1b46c5fc56b863,0.12853333762334435
ck_3d139692c51b604a,0.09782491636827037
ck_b5e54e22e3d6960a,0.011207428016332618
ck_c0c4be3f44311b04,0.005603367292430847
ck_82a8bdd2692c2a5e,0.0008802119439135924
ck_bdd2da300b530c5a,0.012656939860292708
ck_ee40498cd97183d3,0.009952848221932122
ck_70b9274473bd6dfe,0.004231218666923701
ck_473d6314ea614b29,0.011382666327301654
ck_7443d6dca8cd1352,0.014876207429426913
ck_3b49768b448b071e,0.02920284022304511
ck_b43f04431c267dea,0.0053826753424723855
ck_4424a5223ba2fe00,0.028019548364738835
ck_819bf3e8231f4081,0.03288555456675411
ck_91d417507a8c58cb,0.15605151318480884
ck_e88e86b19cada4aa,0.027204317554161438
ck_59684167f9c6bf4c,0.06281714985334878
ck_d5f5b0dc97b9dc27,0.031321484848695284
ck_13d1b192bbff8f32,0.019536501330471398
ck_b21d8630387cabce,0.008729479180915477
ck_e4ac22046699b99f,0.015825424196265033
ck_74b848064f2ff45d,0.005798313126646058
ck_166aa980cc87fa77,0.11251374244508192
ck_98e337806104dd88,0.0021449266991915494
ck_66eb09be007f0755,0.017353311047043834
ck_3ec9b9d8dd7be11c,0.02186191820412341
ck_8b8b9de339d75d0b,0.020918995808263136
ck_6715139e240007d9,0.010040601527159824
ck_a0255ab46e122d2f,0.002767224889343416
ck_66e81a4190c33510,0.009501208053591925
ck_5d75ea4f5c9080bc,0.5176489793398893
ck_df69858b8a8b3165,0.018674119739234506
ck_e15252ebd7553422,0.005569334790328001
ck_34d6d74bb3ed11e5,0.003986419278413466
ck_c2608f78f6851d10,0.21774309798245442
ck_bb99071e8f58c8a4,0.42821193444669314
ck_06010f0df5b7cef8,0.06998357418900895
ck_8c582eb0f6c0148c,0.008106093772170524
ck_0034d010d28aea78,0.018887335371182506
ck_01c1f06692566ca1,0.019856251619306486
ck_4807726e797fb893,0.029039743413367222
ck_edc9668282e3c8cb,0.013246035366836734
ck_5486768475af7bb5,0.8169738444399789
ck_3fb9813849e51837,0.014477661906937065
ck_861af5a9a9a6d619,0.012255855810458016
ck_da39653add0f1109,0.002259265465514836
ck_74a4244eb1f162e4,0.0009929008294433613
ck_9a930faade55b8ea,0.00472862354200522
ck_fb6e06ca88519dcd,0.01591545787799446
ck_9776cd8263a9f415,0.00842211778118902
ck_b3dd1198ac5aea73,0.0350156141801001
ck_b6675a04df1a4276,0.003913335127911184
ck_5c7ad6e731b69333,0.21250252847740309
ck_28dc0fdbaec00580,0.23840095102575018
ck_8e7a32f7e3905f4e,0.044911710020845146
ck_8563fed6674afc77,0.02644673672759496
ck_9a2fcccb82da663e,0.01544756624896631
ck_6a519bdac0d94527,0.003700927094380673
ck_a0dab7aa9c4a39a9,0.00550789911665487
ck_a3ce05e9e5e32142,0.022352677294178894
ck_7a7e40ee3f97c035,0.024991201666194778
ck_9e9a830785112a73,0.025423175273110818
ck_ab1bb02f6b189304,0.13258234540007025
ck_7b8cb0f90fbdc8c6,0.013388818364955866
ck_b138fc249e659e60,0.010757727573903756
ck_e73caa3771ec5e0f,0.007901845543534838
ck_18a55b06ccccd88b,0.038801860051513905
ck_fdcb1d9265d8fec1,0.061022262369017435
ck_e21a900556b382ad,0.017339657307652724
ck_c6bf67470f526771,0.027194950876026167
ck_b568ba3837afb39a,0.0020357251521920736
ck_a2858979dd5645ef,0.0024398884271397596
ck_1da9d40837ebaa57,0.037721560939076866
ck_9341c7959543c542,0.0031150518277415305
ck_c8ad86806b9a2369,0.056730591172068974
ck_5c85d93ecfed4b0e,0.0054964859429158216
ck_f07b09879d697b82,0.006405319277977666
ck_fe43da07608b1749,0.02229840054748954
ck_4bca22b5926b9c28,0.005263491213790641
ck_aba573aa942b1d41,0.009152421636514963
ck_57c14e32fa4683bf,0.0038209883348999207
ck_891530b489ce402b,0.006767452959051391
ck_5e74fdadb93ff293,0.05325521668747536
ck_14436a409ebcc90f,0.01278326094889294
ck_00013fdfa0bd37dd,0.014602459762466146
ck_7dbe24ba01316775,0.038501353670168846
ck_0e3f80c1553c591b,0.026387977414802897
ck_3edc45db58760d76,0.005534436600874126
ck_29076a13f539187a,0.3063713171802576
ck_b1e81b58b9a545ce,0.06016254000858784
ck_3f8571d4f7420b2a,0.04879245427533429
ck_7dff6abe4bd644dd,0.603470071573681
ck_2884bab237af16b7,0.00611848358281038
ck_231e6dd1fe708000,0.012610292509581206
ck_33ecaa7b892e73df,0.012608784689415706
ck_b109ec4c63503030,0.010563158039119135
ck_a7f522382509cef1,0.004001460893230085
ck_748b3ea941d8b3b9,0.007530418688169416
ck_29f3a1737a2d9634,0.01905334645819574
ck_cee8d42475a0f020,0.0017479825509796071
ck_c6b6ebe145a8ffab,0.0073343263638355385
ck_21c99e1d6b881894,0.0027261871861061497
ck_5ad798286384484e,0.031007577166338066
ck_b621b6ffcc7f4848,0.007080642028545069
ck_ea819e337233475c,0.6414194374364048
ck_9e3896c2668ce06b,0.03737014590877902
ck_501dcf1ead036d2b,0.014721256751561287
ck_8d5eda29a2cffa3c,0.010924428113527555
ck_4d3aa36ff83f1132,0.34233461060130743
ck_8e9faf94e3e6c757,0.001438543706560708
ck_ce0ec41f96951048,0.02470970787028517
ck_f09165d73ee903b1,0.013237978021605083
ck_a432b1bf1d3b3d5e,0.2217470832893213
ck_ea618f720ff0b4b0,0.0041180347635948545
ck_7584e7bd755cb28a,0.01844144944416167
ck_e14681aad43e1a72,0.01950342921743704
ck_5e18870d8e30e379,0.02534784484763391
ck_ff7c26a62bda8089,0.00161782522898969
ck_cc5a35175d381d5a,0.012227788305028343
ck_3c25029e40aa8a84,0.005477448111300263
ck_771247b5bc16c12a,0.007214679297331716
ck_664b5e02759f985a,0.00538143644353418
ck_692a9e8f504b9762,0.0025695690626770084
ck_df8ad2deb0a4ffed,0.031447861670492634
ck_eb48c0bcd12ea654,0.04971370747916141
ck_7c77e597c951cdad,0.043687753301019726
ck_4f75144c6f3b13ad,0.019661203287428486
ck_1bcff399166d7c43,0.006120040945393487
ck_975c2aa3d4a8c51a,0.017307295411541954
ck_bc6f07b06aaa4ce3,0.13796125115089025
ck_80b072b7f3c7e8e5,0.012605234929387957
ck_471e4018a23b4e56,0.005549158477017375
ck_53cddfba570b4a3b,0.016416428355781287
ck_630530e50764f229,0.01954821321166335
ck_dcef7887a4f1e435,0.03887229265329239
ck_2795921a055643f6,0.005415447582423381
ck_7456df89f3792235,0.003985225868996121
ck_5014a3b07e1f049f,0.41727238197442945
ck_d4ec44760cbe03f4,0.012337290958780472
ck_96810ad39d4cb7b0,0.0378066895839042
ck_3222ea25aa29bfa6,0.003504329680804732
ck_f6c42001b84a10cb,0.137144788952967
ck_5ac86682385c86b8,0.012365460750373862
ck_4280c33af57eb4f4,0.004750105836781815
ck_05f79ddd8eefaa56,0.020127012734686617
ck_3a57a13ce032a6fe,0.002281826732836826
ck_a721f0d635fad68a,0.014381818672702069
ck_a3f821bdf408c326,0.00880446424682586
ck_0ada63008be5685a,0.03782101488495172
ck_8c949bdc6e8720fa,0.13967147085896053
ck_c0d2c56f9c722e99,0.9515798019721404
ck_5d2b9e6e087b8dfc,0.9954508920871906
ck_5217b55593a332ca,0.11151170515455543
ck_7a7bb9be5a7e48ad,0.016816582522668183
ck_24cd0d779e866287,0.00340254211771628
ck_7367917891a63771,0.042637871403540056
ck_4b31a8862a857e6e,0.9123166870511866
ck_81429c4910ca46cd,0.006008022903188215
ck_b35d803568f82d9a,0.015401571268438833
ck_4b00e75c2d2d0522,0.0030571150759479805
ck_77fced07f6dff42b,0.013920695954682767
ck_3c9a06eb07c300e4,0.0016820065590117932
ck_b3867f7f494db64c,0.0012016166472836288
ck_0c45e54897ab34e2,0.034991967467747326
ck_507a6a580ab55c76,0.06907420177700814
ck_291bffc7809f896a,0.0027083621468063945
ck_3753cc5b9d02e2fd,0.00524504447810322
ck_4f63d5245b3ac1dd,0.019121611216308284
ck_9dfb2ae78659240a,0.015497467020946286
ck_90f6f5ced708aa75,0.002070610399192401
ck_8b5b5a6b5539e39b,0.8613256044779638
ck_4719112b55d20161,0.02082631049276937
ck_fec888a7108ca52d,0.9923035467697243
ck_4f5d022c99f118b7,0.05395637259867926
ck_e967ff05514b697b,0.05396246793037137
ck_839ce35819bfa4fc,0.002118654424564451
ck_bdee1221b9addff8,0.011790766101262834
ck_9cde4036d0914427,0.013166312863318487
ck_5ac959cbcc5e98f3,0.0033278209857091003
ck_619842688294dabc,0.012457990202166345
ck_7373d7b04c7799bd,0.025780065387314654
ck_c1dd3feb9a0b6471,0.024960682405366162
ck_0324a4812ec319c6,0.012196889620930913
ck_7f3685aa2933b251,0.14150281051770128
ck_06aee5a62a67a84c,0.08731370325590804
ck_3428910b44b9d08f,0.008766925668731195
ck_c3ba7534cefc1de8,0.012942847842539866
ck_1f1273a67cbad5e5,0.8045117600276488
ck_124565a11b2f8bb8,0.020794876282107848
ck_38e46bc861e0165b,0.029886597615663382
ck_c8ad3f01319c065e,0.03424210685568596
ck_3f94a34f5038f7c1,0.7461660665985733
ck_cee56be5a502fbd1,0.17893111508163975
ck_2b90b76cf4d162f9,0.01857076336254343
ck_884b2e463ff1d54f,0.007076167341246112
ck_fab4f2f8531b4827,0.01941179847018433
ck_4fc6256e0e60a926,0.01323350063076421
ck_0a2f8b2f8a5b6f02,0.01789614788275953
ck_9c0deab8a8367c5e,0.0032630656070669886
ck_d3a2a4c011fa2554,0.002814093555853945
ck_4108b4038f762817,0.023717791424127235
ck_4df036e2aa7e1056,0.012927480558822056
ck_ec094eb1cbb3efc5,0.002610183031959944
ck_09f8f51bfd2492c6,0.011665922087505939
ck_b60fb9a10d6f4489,0.06061595672577491
ck_3638bc3388dbc1bc,0.18926911250624232
ck_7a58e0cc9943c39a,0.004667457835911724
ck_37dab6a0a536ed49,0.04788003966019394
ck_adc576690df5b33b,0.025228436632945574
ck_1383b2b1875000f2,0.026982259117284645
ck_43c1248db37a2eb0,0.0076013348535898684
ck_29c11bd68858e923,0.002308970554674292
ck_9401f9e11f65337d,0.02260270975995218
ck_ce5ed372b1a2ed6b,0.01244601186875924
ck_08b4619490e751a8,0.881832329950494
ck_44b9125526acb05d,0.016119815413332912
ck_ef1a1de20d2124cb,0.05189968150871219
ck_e5e2624b7fc89774,0.057665811514235096
ck_f5100511609b92c0,0.0011191794388090224
ck_64f3bb17101b7c42,0.01653142892112507
ck_ea1e5b5128ecba2c,0.0015952213882151074
ck_516163fcf04d5e77,0.023632540793078288
ck_7f9a748110d70005,0.011072380150551652
ck_d263b55f0a681cce,0.056205370763406565
ck_0e962eacf98a813e,0.011312957818492347
ck_0406931800e0e2e6,0.005146271267657226
ck_0e9b982afc88a3a9,0.992153591996882
ck_8bbb625384edebd7,0.0017384898005895525
ck_5eaeb87bf6207406,0.8942956799282364
ck_cc3318839c4b0745,0.007768104313579571
ck_08a0355d1f1890ef,0.010258866604103608
ck_af7ffd1a822460d3,0.3435065498728179
ck_2a09c7aa870edb6b,0.004056863097791679
ck_bc04f51c23290bcc,0.024738135673162506
ck_d3a8333cb389f4c6,0.01678998827032977
ck_88e3dd3039508332,0.030452887888393922
ck_b8c7771de9b57705,0.008373973934942163
ck_585ababa02383b50,0.007065631432713779
ck_e988c108754cee9c,0.015115999964955475
ck_4a691892d9d6cf89,0.005878962871076103
ck_7cdce37d895eefb8,0.008183633315634176
ck_483fb981a1fb4317,0.011717411461397013
ck_c1e5182bd99e0e35,0.10192323260639186
ck_9a1e3ec9a1839939,0.024826496791668495
ck_5c3f13de0dbd5086,0.03056391526389392
ck_f4f6f0caaab70040,0.004631134662645732
ck_791be3378dd7d64c,0.02019510686413899
ck_956dd784525f5886,0.03005012424652228
ck_098167eaf124c279,0.03219254522245953
ck_33ecff7914349ebc,0.011139666416272991
ck_e05d44e46c7174e6,0.012108222093285652
ck_1b2ce474fa6582b4,0.053699173350089634
ck_ab581082e8f72e3d,0.006891371404538986
ck_e63256667aa19070,0.04339431055103831
ck_f568772b6cb3febe,0.023464884092624243
ck_dd89a282375bbab6,0.09238574026153604
ck_a39d0bca345b492d,0.011349713670197032
ck_d12d2924d0f7a64a,0.013828669968364729
ck_6a548da1728b5823,0.9796630513012289
ck_6d64193681d2a94f,0.06611339140431044
ck_ced6b6dcdc7c201a,0.01886780948999177
ck_d1b0699d26282871,0.06894779241352239
ck_58f757e40a9b8877,0.06810185520657487
ck_3272c2c4a37d5220,0.6977817446684509
ck_d94dfde9e03c9d1a,0.035254531716605905
ck_08a6d4903a7fbaca,0.02838164986992277
ck_6c72a36b05fa0f4c,0.03771806661452924
ck_dbb4bd4eda97255d,0.026577947275161395
ck_94b59bbc824b307a,0.0035703432966152455
ck_0229a07185f15469,0.009886614418622448
ck_11bf1039f8b3025b,0.007475790679438231
ck_36789ca11459131e,0.06834580603307286
ck_8572c5f5c1447c62,0.034695495040206754
ck_9e75c6641939f4fc,0.07573409280282865
ck_b45e47c39d4dc7bf,0.017583252961295336
ck_02903c48b6cfd65d,0.005844144295193907
ck_b153386f1729de81,0.013044345842831801
ck_36979996f33498f7,0.1627530590201516
ck_3c02d4dbbf6716b6,0.017003106704721434
ck_66c9a19963957531,0.06220076115554744
ck_bae8dae7cfd8baba,0.0030609824300089133
ck_bba0ccc6cd968680,0.026677862257130598
ck_3267fe3aac05c71e,0.01628116126637379
ck_40052cac10562cde,0.015323909630981505
ck_d973444855403e2a,0.01652225970317275
ck_012519bb095ad36b,0.9922408332063879
ck_ad7c256ea10c4a00,0.12825330400898244
ck_70a60e095e9b706f,0.002372097490773549
ck_f2734417c0db4ee3,0.0017552627725253094
ck_9cb89cc3178e0172,0.006032925856570954
ck_779cc0f2de4d5488,0.12620941229655133
ck_35f8656bf93e3b3d,0.022439320934364224
ck_bdd8eba728800e29,0.03237612271967856
ck_002cf760d173f0f8,0.02050263383688977
ck_b046067c6ca3831e,0.004868353727130896
ck_a4a42d4bff8af645,0.0043920962659944815
ck_bce253d2396681a1,0.021380860313116375
ck_00dafc060c8de32a,0.04403776618994614
ck_968a99e097ee78c9,0.0683703100140006
ck_66949171b387bb93,0.014879553718354858
ck_ad305286702b1958,0.0013205403186377844
ck_4732da7e0d2dfc7c,0.0036116965124196225
ck_17a95bba77217d85,0.019872217777265458
ck_3e2516a3e35067e0,0.0076957440155010085
ck_0b615ed566da1f58,0.03656606486926154
ck_d2b3ce1ebabe9f93,0.029341499675041592
ck_a892252e4e0c2828,0.015944672903523
ck_cf606fd6ebfdf9bc,0.0023902322750406213
ck_718865237134ebe8,0.007644239883297666
ck_878522cb775b904c,0.06297696219957863
ck_9ed53de6ef779ae0,0.0026439596299317842
ck_3f16e2cd7e6874cc,0.027204115554181094
ck_3c59df37895ead2d,0.010382754443724043
ck_6821459b626d492c,0.0020818184707129504
ck_11c7667920541587,0.010468044651360753
ck_23a016cf6b98d89c,0.025343960244675952
ck_7137eeb394d200f1,0.0603120249820537
ck_9c4886c5c90ddbdc,0.007787502410143598
ck_1422a7bf7756294d,0.9110073082354819
ck_7ebc5fa7f0d3b8f2,0.02213730976377822
ck_fcc2059a8d5c41fa,0.13665619980346866
ck_00ff7389d6a83e29,0.16992790002408567
ck_03129b41457795d2,0.02576345073384665
ck_38ba64efa7c38250,0.03202082251460793
ck_57a6b56b09bff24e,0.011740911867570333
ck_e3b3c5a80a567418,0.005504957733391045
ck_fc40a16adfced018,0.008504729939867338
ck_9d4b5e6b43bad4d8,0.003585762515389218
ck_61129937ee466b49,0.03895794658898439
ck_74112e47b8629c2a,0.08422360134020641
ck_b4703ee97f94d7fb,0.0017153299509117994
ck_e560f720a988d8a2,0.31483195477488496
ck_708fea345f68037e,0.004396767346532757
ck_25394c1b83e0b803,0.016770392965151978
ck_17ab24fe914ae44b,0.001740916731978225
ck_16c501470d9bb006,0.003585667570602529
ck_628f449e248c19b7,0.02816540117279881
ck_6d64190623dea714,0.0078113318451052405
ck_504a45ee08db72b6,0.01114341511818221
ck_6cbb011e0c70bc7c,0.004393172669862091
ck_b3225a98acd04f83,0.0069970805772274795
ck_aa37993f1c17cd1e,0.04953106705623094
ck_558cfe5f77a55a9d,0.008792134812053851
ck_0d0a1a021efea5b6,0.0398124302232043
ck_daf7aea023b7a8f6,0.030867806240762886
ck_d75f25184ece2b51,0.004799028555185913
ck_466d4b5366c50b98,0.0025058813697736632
ck_88f27ab479063852,0.02849184335193121
ck_66779098e78c1760,0.004308595152430447
ck_b150fe4efb449b05,0.0047408212646242905
ck_9c3aa9f23d01fa1c,0.005779220245009291
ck_6a01c375fc26705a,0.004375709958478686
ck_002eb6552b504ea1,0.01794452260327564
ck_affa5aa0bff9bb0c,0.01172598939891479
ck_027614eeba8b1a4b,0.009919239000059376
ck_67e075c982add719,0.01454746552785476
ck_399b0d510be98bd2,0.01853383314915891
ck_e9b0bca7368555ef,0.004847574656386791
ck_59c29d9c57b4f994,0.004319663320484151
ck_37176850ed68831e,0.009618909975285061
ck_a0db4ccca08030c3,0.6157098269888924
ck_aa188e5c25f7f42a,0.028046281009725848
ck_7de6997178207800,0.003943707205814859
ck_c729d19053387be9,0.04953957364277903
ck_f2d3e3d90608596d,0.42512187700113185
ck_2db3fb565e0211ee,0.001429011466275516
ck_bed8a480e27e911e,0.0173219651578281
ck_d7ad9921a4d25926,0.033459360188227934
ck_2a59f23fc5194699,0.1374470707481037
ck_63601a58a6120d8a,0.030581813124191812
ck_efd7b9e22c6317d6,0.01613898058041847
ck_9ab42875a0f95b43,0.0696571785282133
ck_85cb5033fca7c846,0.035180405698589844
ck_5249b223000915ec,0.038692237272650504
ck_3efb0e9bf25612c7,0.006987761716969499
ck_678e74532ac19700,0.015528456291203224
ck_a980b296c95153f9,0.010537127318979326
ck_01ac687ce0d696a7,0.016488252849899163
ck_52e1418cf1aa9871,0.0187275172318895
ck_7d28da4f1dab09ee,0.05029219875436408
ck_010d0c2e6c1657fd,0.06301048357056015
ck_b524f7a2e752b9d0,0.010308378913776112
ck_cc447fcc24a0772b,0.31497281351009193
ck_2cb3c99845e572da,0.00463191782649736
ck_604c710141327a81,0.007502394809876216
ck_8d5fa65717d2e0c6,0.020732446601027407
ck_31199510b40602a1,0.0074965391250720525
ck_49e253ea12f4e922,0.01662023529595191
ck_780738e0d71e7e43,0.0067080105676935505
ck_2cd21137a07fdd7d,0.008012041780369718
ck_5e021f2a3b66e256,0.05603052126248668
ck_efbc79246e32c66a,0.0266714846073697
ck_9951bd806c13c7fd,0.030032507594858666
ck_7a52674e2806d8f5,0.04501028197153386
ck_1a319e509f1efa1a,0.004378155642884249
ck_c920901b9a4ba993,0.9159666324683076
ck_b71279e807d0b3a7,0.014369933482324352
ck_47e1032f490bb018,0.016679736103593135
ck_192579ecdca7ff83,0.028827974117794686
ck_b1496c474c4a3239,0.0038593553686086884
ck_5e68ea2c5e893cf0,0.08285156586110892
ck_f2ecab85d4693b4e,0.0038010274553687442
ck_89d7bfc81c3df597,0.013587302927297165
ck_7929284327667791,0.05834220589955205
ck_494ec63c5ce8e150,0.011601920605083237
ck_319b059bb2145586,0.04699513550839617
ck_ccb3767c239018c1,0.005697169962576122
ck_a1c7adfe26e09a8c,0.04154747365652185
ck_0e13c4f73818149b,0.028732804792318573
ck_c285a51ed6214f52,0.16784250182426733
ck_916784595f028226,0.12142297863407124
ck_6cd8e0196365c474,0.010821221948968974
ck_57b657aba4daffde,0.039530997708175926
ck_562c76a3753fc7da,0.7941470669635582
ck_66cfc1ebc9a513c8,0.0049551912303158144
ck_0f38d4aed68d7d24,0.011921265576197323
ck_d8ddf5e99f7859e4,0.023175623507305003
ck_41bc3efa0fca700e,0.020454539338008944
ck_40799e129fcf42c5,0.07132475328411862
ck_786f079389126e44,0.020112984734370152
ck_bb4c6b713eb0b978,0.02631037295362626
ck_4f01f7eac0efaba5,0.010185279771326263
ck_47d29c01b20cf69f,0.03520342281621602
ck_bf15a1f8d67a30d3,0.024250069156504076
ck_bfecad7586f65e4d,0.02854002471050944
ck_fc9f16df35190eb4,0.5037564199890854
ck_c09c914e416edd08,0.01802799616566252
ck_c54c5d8e4433b0f2,0.00901337234501294
ck_1694c28f44480e98,0.015360905127714604
ck_1dcaa3078dbb7571,0.001505454831189377
ck_af559f990c640e41,0.04680950188769908
ck_9b436162039a77d0,0.026282087983874974
ck_79d62ef181bd0cd8,0.004979948533313411
ck_23caafc2cd34242c,0.031969878229973374
ck_ffe2aa26f597e552,0.021420159652662276
ck_e6ffd0754ac08661,0.00207366176133899
ck_beaacb4a783db21f,0.003979845440222539
ck_9863bff41d24ce9b,0.015789917143808018
ck_323b9cc5c49f8ea0,0.10827718719414502
ck_ab3de3d3e41c2082,0.012244403500350807
ck_35c93b2924900376,0.009180484996111191
ck_5a9d5f9901e37e31,0.01805794956188751
ck_782b0be796164335,0.003382224738091516
ck_11960b5f1c7a5e2c,0.008689105826470471
ck_9a66cb13a9884cc2,0.018338270372439774
ck_ba666a425930615a,0.0012779200436001152
ck_40140bef4db73741,0.015977719706595277
ck_e05e91cc180063d4,0.16411751437237054
ck_c7f6f45710bc050f,0.010425709717759015
ck_055fb9f2e1c8c934,0.042612148788427624
ck_58bb02d98e2b9cd5,0.02310217967144382
ck_d9f8efa6a7800f76,0.01035220294833355
ck_69691226c68fd50b,0.27921948286663345
ck_6f2f0396e5b1c538,0.9641740713393346
ck_78bc3f1d0f35ea6c,0.017602298954601976
ck_2d5a6b6636a2596b,0.005217565893154866
ck_7878545739af0a73,0.0016368939111667472
ck_03c4fa4f3ed3512e,0.002570560134460526
ck_1a9e51d092d62c84,0.27357779176451913
ck_9f3861940d8d873c,0.12218407944040847
ck_4684fdd61c6a0fac,0.02276138340486037
ck_715966f86d5c913d,0.004216639006026761
ck_77f293d44b4a3d2e,0.0550738186990336
ck_24dae044dc05f849,0.02327133915596265
ck_00b9818e2064405e,0.12048381463916956
ck_c1c2cb49c3c1b0f5,0.1512267968021113
ck_bed50fc64fbbf8ec,0.008765398976486719
ck_4f6ed5ea5ab7c429,0.006501839676628199
ck_458531c22ec2f9b3,0.018791243998605416
ck_51c50c4c443df31a,0.660512303247203
ck_732d45bd578dc39d,0.011827115533197968
ck_783fe5bc20cd02db,0.047703043738094704
ck_7f188aaa63d1d442,0.01607598677277484
ck_ef307a6aee38d1fe,0.6193081280530405
ck_e37196b20968b73c,0.01935438633278024
ck_4ef9de711c3d93b1,0.03884523073408743
ck_17946516d5df71d7,0.025062149433477152
ck_3534be0f4efd313c,0.07176712580257132
ck_29fbabf855cabdff,0.0036291423902427727
ck_191673540d8486af,0.026468398555232087
ck_5f52728d777ff2c5,0.018312062275378665
ck_a045a19369016818,0.9940239043228027
ck_4eadbe7298b15e96,0.01961350274216841
ck_a3a0bd59729fe619,0.007028451986579469
ck_a1e77090b1c6ccf4,0.010706027767873223
ck_69ab9d4784eb77bd,0.016444502462145058
ck_baa47383ffd50f04,0.01623982504238448
ck_e35b2ed08b9e55a7,0.01363994984290943
ck_b6e3af0a5119d9a0,0.06891292714342882
ck_a7c1dabf3869772f,0.0587458210748673
ck_80b8fca67a14e0be,0.5893619432315641
ck_dd9c5f0c42878e67,0.0022604598267235085
ck_41ef7967faf5ce82,0.0007892359245239963
ck_a93560aa348d6225,0.052190705752978045
ck_ffe91d6f0bd93fc6,0.05967755133995683
ck_fbf630c960194033,0.03224731928885676
ck_497ed60723283c0b,0.0350427870824765
ck_2a46b7ca55239413,0.01737186228989355
ck_1a4e5ace078dd782,0.027932458027190025
ck_616cc31910f5de50,0.015410577943234494
ck_0d65bc749eb42710,0.025480480868872512
ck_2408db62e4395ccd,0.029851776203435307
ck_5d7721930106dce8,0.029351622833024248
ck_e8a6acea22b20312,0.3726898047055653
ck_e2f792fae128b18e,0.07446774778685357
ck_e6d3ce445b86003f,0.0055298118918226035
ck_263334d722ecbc97,0.7402043867560569
ck_8c5b29f6666d4874,0.02539617459014057
ck_7ea0bf310fc20c7b,0.5561399172299053
ck_54d463f7fd89ec3d,0.07415370202270108
ck_79e45040dbdd6447,0.06367083337169621
ck_60b4d59953505682,0.6344429433647056
ck_fb00dd5021642507,0.02131405965567981
ck_f409ff994a210601,0.07026389054601188
ck_2ca0020038bfec58,0.25690702369118756
ck_adf84b9df54c3d80,0.033162155205107686
ck_942dbf632591b65d,0.044122972584850914
ck_454a7e4d859a3409,0.0011374924111251803
ck_2139062d4569aa07,0.007620844466608312
ck_e949a0f4df0b3902,0.12437402109834757
ck_bb113e3e6716ed65,0.02262204102218035
ck_6a28ea6ce69cb869,0.08856654442430088
ck_7df9910af2bba21b,0.004627033884625391
ck_78aa4b731cbfe251,0.006275774778357855
ck_5839f5cbd8165b1e,0.04306423807821421
ck_7158ad9e58769ffa,0.10320365092510918
ck_acee218cbe61df69,0.031588745707940645
ck_f8dc8473c2772729,0.09764121394694145
ck_f34c93a8173555b1,0.06160448333349947
ck_7cf301d075e4e709,0.010428216774591166
ck_b87e88ee5512ea17,0.0023487061232716497
ck_bed0c020b10afa3b,0.014308825058074145
ck_ca10102961f99eb4,0.004363314459013304
ck_393287947b5c8d79,0.03636744298330313
ck_2fe6cac002142f67,0.031306195355081834
ck_79c7f0d29b1db1cd,0.09716510327199329
ck_c735b643d3cbf67b,0.006441641795838867
ck_ea4332c8fe48e2a3,0.014631316386126981
ck_d39864119cdd460f,0.012931083395309836
ck_3b963d6be2773861,0.007435613664903851
ck_df39e3b8a9fd0bfd,0.6827030930743109
ck_6236a461dc0d11a3,0.00747025462462768
ck_475ebccca25e30d1,0.009192275279362259
ck_c10c8bcf5bcd516e,0.04027916256865217
ck_49ccc3716a564256,0.007249726718908727
ck_4e4f99102f6938cf,0.01511571535989489
ck_a97b481ade6f7972,0.056473552860029516
ck_3fa559c679751b3a,0.0192400719031134
ck_3eba1fd2c7acc4c0,0.2537997935877869
ck_18c179b4afc4fccc,0.018704136349258882
ck_cc1c0b93d05b7d20,0.06301259631669963
ck_742f7c28ddd019e8,0.08309109443717604
ck_04470bc93b8a0d71,0.016636190970636063
ck_6e8f8ef7a03cc6bf,0.026538702123209724
ck_eb1ddfc353b4da83,0.004931021728933412
ck_98831b57c7ca2e4f,0.0017631807756401353
ck_a6c7b8d6e8596d4f,0.1722980327307399
ck_cd7d24e3b095e96e,0.08799506616458179
ck_3f5ae4673a9f858e,0.007901683222978597
ck_05f375fc8ae0afb0,0.013216160306012062
ck_1fc98436281ee39e,0.003247990862029395
ck_6c48c58678f64bae,0.0024027306328839792
ck_8c95aeec6a4c75b0,0.007727391921017218
ck_364cde38958b7af3,0.19626523574918714
ck_85bf21aa1a00452f,0.005344868929544678
ck_796d3eaabc667c23,0.9932958662086848
ck_ac449ee0c315edde,0.0016736643117156121
ck_6f9fd15ac6b163de,0.004466232788284096
ck_4087065be2a45ad7,0.3885810790456737
ck_ecf006bbc78ee3eb,0.07650984062489716
ck_8ca808cc5a49cb5c,0.02533358564000038
ck_94b90ab8b2dfb50f,0.018874949375296327
ck_59fd11b3232de9dc,0.8108754161745902
ck_67f3794d93e2dd67,0.1042442917433006
ck_b7f5acf5df1bb13e,0.01544826538722973
ck_fb04ecbaebb774bd,0.01798652074223768
ck_68ef3e7301c621b7,0.02543068088278457
ck_41406cfa209b6bda,0.0020400819423168613
ck_b0f8f5408662337b,0.007361432859531449
ck_0d2901bfe585c391,0.10679660414621142
ck_3398551e81dbf3db,0.08852815693324656
ck_61c3e3e277629646,0.016511411411385908
ck_2825e34dd3e7ea2a,0.006670946895514219
ck_20d7571ba830009d,0.020352214835056805
ck_c98b16f9a72a6568,0.0011750461662745461
ck_e7c8a9e4641eb9ed,0.0012152484956818308
ck_254a7c97c36dab8d,0.03338297025596502
ck_e98429675b46272b,0.006282416783567897
ck_c2fc0ac460786d02,0.06879323331058994
ck_fba15647b3a140d9,0.012099427905692045
ck_15ce50f2704227be,0.017493049604562168
ck_8c748aaa4a4554f9,0.02119576300820844
ck_e00e82a9419ff086,0.029716543454544
ck_832341c98254bd84,0.025738294274344358
ck_27466468d06db4eb,0.05376572145918624
ck_9d7b9e3ff1f3e71e,0.013470892694103075
ck_42c6973d3a6fe983,0.005626969294473489
ck_877c85bad118bc62,0.06626999324849062
ck_75d2a2715259c4d7,0.04129613360191006
ck_37d3e5c681a2214d,0.2299780577648585
ck_bf285dd49f372de4,0.024183388710908846
ck_a5bdd026fa9c50fd,0.01123982527335251
ck_88d9244a9cf7a77e,0.2697623250999498
ck_5881b174e49b04ee,0.005354573016424034
ck_5b16d67c5ea89930,0.01456437343608641
ck_b75b936aafac56b9,0.01794661344618816
ck_aed2681e1646a0df,0.07159831185947257
ck_f63cb5e8cc702bad,0.01241120425900101
ck_1805fcfc4a9e4ffa,0.8455683821048723
ck_25c355da356c730d,0.03597698368867888
ck_70396398e4a96449,0.004019553173044219
ck_0f743bd13373748e,0.021208723235740884
ck_4b387765f0e916cd,0.0018295239567268703
ck_e971faae8a10a260,0.0021615101613394944
ck_9eb08369e983abfa,0.0017523587270227468
ck_c30c5844512e429f,0.06168309829150849
ck_59e77e3a81f1fa0d,0.03274699370796614
ck_ca4465f2b5c1a52e,0.9239888867170267
ck_c89b9ca398402f1e,0.006173502127610832
ck_36e72ef9273e7a95,0.01575398265747712
ck_2bdd8616870e5e1c,0.001538412593715646
ck_216e87a41de22b5d,0.11340947401882247
ck_60f4fb44f5efe3a0,0.0062736690947787855
ck_05652e8ace6ce6cb,0.0012557344443566401
ck_8c136dc691e65695,0.0006363771513360956
ck_a08f8dfadbdca112,0.005156989272792755
ck_bda4041a3e90d860,0.013596285705899639
ck_15dd3ecaa8ce0245,0.7673706400274448
ck_3e3c64b3b7876ce6,0.04866978645563977
ck_46225858a38b2e57,0.006402947917253309
ck_0cb9f54928f4feee,0.02125623565712006
ck_152671fbf8a9a78e,0.06263372443313706
ck_ee7a515e87d17d4e,0.01876389534706048
ck_f7276091bf513d22,0.0014154959465800456
ck_4f05daf1cf0d5755,0.0020366385428608803
ck_83a69c4a5d55ef19,0.03328575381139525
ck_c50fed2a7c9198c0,0.025668521573420654
ck_70d19d5650ddc8f5,0.02398606315708748
ck_4b4d99e443618904,0.025344481446598698
ck_dca0b6ca93311ca2,0.05123316877332623
ck_b7431d4706461ec6,0.008251189395112516
ck_7b59d22cadef3b05,0.11389753064632618
ck_53428573abcd606f,0.02998172360134456
ck_f538ab6aecf2adfd,0.0011065834546182022
ck_d321249fb065d2fa,0.09763662894627521
ck_72fdfc7e6d8e1436,0.003269011381923623
ck_b52b99dad89ecdfb,0.02878132272521484
ck_d2d4282f9d256b3e,0.005081535696266378
ck_c8f2a1dd8a6141a4,0.003092387939233081
ck_8d38747058d0aeea,0.4872736760560851
ck_3ac528caac74f563,0.03092708819140845
ck_8dbaaa00ad829ca9,0.04873142659154711
ck_7c38ec898f0fc21d,0.006022504510670469
ck_8171ef803f5ff604,0.02017511318457955
ck_01a750db6fc1168a,0.26898355121520034
ck_ceb017baa26e98c8,0.06657688124597196
ck_e2c66c72cc0b0f78,0.09102142028878642
ck_8d9518f64b222416,0.01033182223131702
ck_804c5a1fa5753617,0.015922198098791758
ck_fca7cc9c42695453,0.00872536737719206
ck_3a632cdf2c19051b,0.010709534713811898
ck_b2b63ea65edf1dde,0.04669244893586682
ck_27b07021500ee841,0.022820549665784135
ck_9724718fe64c6557,0.9574798535920152
ck_2786cbc3e75ec034,0.21210458106642704
ck_d9c2622cb6df380b,0.010084495379528952
ck_ae1da8ee98e402a4,0.014125929331405319
ck_62967b91504149f9,0.009432069330910163
ck_6b255bf68709109a,0.01388627388535695
ck_c55afc68421d85e2,0.01949086271613751
ck_7c7266f6ef2a8466,0.026124405213346746
ck_885cf685a9541190,0.3211420169945137
ck_1a4bb7d3d2ee3227,0.007807904387436857
ck_b4911c42f3bff740,0.001166903652845126
ck_66f9f78d4c6a3edb,0.03233753699685212
ck_49bdba9ee1899dfe,0.035515788761548484
ck_79b235d51718435d,0.02728373431508603
ck_d840db8cfe2ef6f1,0.002686350334005466
ck_610c7bcc1cd7ecb0,0.01824546130327523
ck_cf49b6544aff6c50,0.6067755693818755
ck_de05f97c3d40dd1b,0.06343528237580433
ck_0302f67d75973dce,0.01749776346173101
ck_54c2604c9ca6256b,0.0189172548111839
ck_a1c88c0568f142d0,0.07688330356001763
ck_5d72ff6cc2963d1a,0.0029574691870108256
ck_0446920a1004c596,0.0015511048193745714
ck_71044c29ef071570,0.014069856076409513
ck_2122e9bb1afffef7,0.02118704896435497
ck_d1e3de178601d3c2,0.03728204327533479
ck_bec8324a3587ef04,0.004441345855713196
ck_b616b6f45225f319,0.06816043701794533
ck_ce1e695884511479,0.04365590251068223
ck_a662b4bf900781e4,0.0016962049570326111
ck_b5a84c5547378c10,0.0013462528867619501
ck_f80af368cfc6cb7e,0.03353507991242493
ck_da3526ab6c5c884a,0.022814118568734203
ck_bd20be9a3392d79b,0.009569237515161385
ck_b8266dcd90cbfa62,0.005501804836430096
ck_ac84b33304362c06,0.02422784424228321
ck_794d8935a895e33f,0.03588446463283591
ck_8fea7d915259f1be,0.013786898101078048
ck_7a1519ad5ff45312,0.0008341142768907195
ck_9bf3ce30b65f75c7,0.05163117868329876
ck_5f864d72d1eead99,0.15534521333006557
ck_3c48e0cfc2a58041,0.5120069979734186
ck_d902183f80cc81fa,0.052242783028314636
ck_539cb0d117db8cd3,0.14297428216960828
ck_28f530aec8e77130,0.03923246092870795
ck_e7d903c50d353361,0.024275614490679633
ck_d288b77d1e227970,0.04007012702083489
ck_017208fcc01b5d40,0.0121528677441781
ck_7e3923d278a5106e,0.01745947907467144
ck_9700a00ff9e66216,0.04283868383572978
ck_5c36c78b7a4d138c,0.05142467341897074
ck_c457e9c9224b773d,0.04028407509506676
ck_1dfa91405d7e66bc,0.0037985416700948827
ck_f1d8a2695a575e56,0.009630887745735445
ck_3b92a46daf8d00d2,0.03874755227702516
ck_aab23b5470469649,0.023849600236730516
ck_ecdd01a391610d99,0.007053872826155969
ck_abd3aa292f8edb4d,0.03823714501322242
ck_7fc9a0776e1339e3,0.00426345779094205
ck_c0389ebeb0e65cb8,0.002387779241506424
ck_48d0fc4f6a2109fa,0.9972416149242926
ck_571dee4f3336c7ce,0.020574098273171693
ck_4cedf26628c84f26,0.07344430974558742
ck_63356762d24aab81,0.02886693043818592
ck_2c5bc11bb7ae5d2c,0.9404499267479147
ck_6d26a152f900fee8,0.004480194124102366
ck_c972b0e781efed3b,0.006083893746214648
ck_fa0ecbcf9a33d6ce,0.004491569174305039
ck_fa3a766e49dc77ae,0.01833384538258852
ck_7baf1e55db0dc558,0.02318204423591219
ck_e8bc49e6494c1f37,0.005178921417415834
ck_8ef1d05cc1e53e7e,0.03737139270497269
ck_cef2a485a77e0723,0.0033413495273437264
ck_228a583f23abff48,0.023030875377697407
ck_ac32c6e374782b27,0.05387211922079165
ck_b9485218cef413f0,0.00728603452208639
ck_7f15503048915d6f,0.009410239765970378
ck_b62f5144db15ad34,0.171465728995831
ck_917d82c552f95a23,0.020166702539660644
ck_fb4797045077bc6d,0.002863241994770986
ck_2cf8a44e041217de,0.026929524909627876
ck_b7dd681eb3d2ee38,0.002500834328468769
ck_e9e8cacd2fa35e79,0.015822392581495537
ck_342a79f91de5d1fa,0.022775269849278024
ck_2c91f62c05685ed7,0.005086245544117819
ck_e30cb64302939f38,0.04196501322231059
ck_d0e95b90ba86da10,0.01826912553404354
ck_1774faf414a5d49d,0.4427914066367597
ck_2401e8ff89e574fd,0.8373073218982212
ck_0cd8802264e0a1ef,0.034489148328504075
ck_da84a0dfe947fd3c,0.004479085187582836
ck_c8affb27ba7fb5db,0.08729730613315718
ck_bc7ece8787ca7200,0.005248958776999254
ck_469a0578d05990c2,0.009892650263583616
ck_eef67f8dea702338,0.028963574457438843
ck_4f490e379e9ded9a,0.005846945106518535
ck_354379de065a8ff8,0.0052095885083974156
ck_5db1cb368bc41ac3,0.03242307750548633
ck_9b1c3742dd6fcb8b,0.023781566625227023
ck_63ce4f44c92d7143,0.02952411973861061
ck_e15e3390f5ed45f3,0.01878000017427202
ck_da645ea91d66aa6f,0.3127752726328425
ck_834ca727df855f07,0.049776848020226014
ck_e1d5ad20c737c745,0.054766964453805675
ck_ff8059ae5fa5f1ee,0.0007648794820365764
ck_8bb9e75393954a1f,0.0023095062885675195
ck_4e1757d1347ab387,0.9877014967117808
ck_af3f74b1d75a5d95,0.015497953622856803
ck_6b1ab0742ff04c3e,0.02701759310995044
ck_f56073911c9f1ab7,0.003289150614825449
ck_51bd5f69b4fe0b92,0.5607543746693593
ck_fc3d95030b81f416,0.0011236012470147011
ck_cf78169633a1600f,0.007090498914608868
ck_ad7269eaa65c67f9,0.01634712543002092
ck_cc6d33890d47a6cf,0.029491369370225274
ck_bc8f31f4a2ffa1ae,0.0024581653284774267
ck_720776a46e56dfa8,0.022929922648665762
ck_e2d1f212f259539b,0.013792335206243707
ck_eaf6f7082c3db2bf,0.0638041209578363
ck_773efe58c6278c3c,0.04453689504302423
ck_c4a72c09f2fdacc4,0.010473072674295017
ck_8982888dd6611143,0.003131959234320897
ck_9d5049e195eda029,0.01988889128325085
ck_de58ef6f9fe2b546,0.02204623636230739
ck_c0b50c11e4f5adf7,0.028113123406738674
ck_ddaf228487858bb8,0.036580489069806967
ck_eb2323215ff70362,0.02718650394069888
ck_168c96a1a636ea15,0.03758380529099824
ck_9c46711b14d9eebc,0.005096426534024427
ck_de8af660806b97b5,0.002182263252896056
ck_6ab83f45bf16eaa6,0.005793943634649417
ck_bf2228a052815840,0.0066318661707690475
ck_3f943f20a9da9bff,0.030050140342212563
ck_3baae40454c00938,0.012808218953066018
ck_bc2e771a1d8d2dee,0.06476426399702742
ck_e55f5ca37f30ce8c,0.024858511015141933
ck_4ad5937bef176d89,0.003683032064727843
ck_126531a9126c17c4,0.003021605960889584
ck_7ec423cb56257516,0.02041477958304588
ck_54748ae0f2daaf10,0.026659790977598442
ck_ff24776280ceeeed,0.021167452538981685
ck_3c3a1a1365741bba,0.002857812362366481
ck_615277c8a4e2b18b,0.005860733909619694
ck_a96aaef34173aee6,0.055341902494702305
ck_bea56db7f3e930e8,0.003252571454063429
ck_ca491debd3b32a59,0.027358158133216338
ck_d9ea77f4114a389c,0.017806386663065495
ck_322ffda3332d08a2,0.05169053292360361
ck_c40ffefe4e30b001,0.03352440759921786
ck_3b1d7648d4580bef,0.008202366919132672
ck_23981a3261674131,0.009235149452678917
ck_11667f5b9fac7bc7,0.00141079236237084
ck_646bb3c7be5f0817,0.010209145448834708
ck_ebd0a45712dcf07a,0.015995007070680637
ck_baf43bf1bd963f9f,0.04874457689781038
ck_e0ca2c819658f6b6,0.99418254197166
ck_f0d6633d0834fff5,0.056082055573238365
ck_91081be0254878a5,0.01438934901699679
ck_1325000bc7f35b5e,0.0029180862205715995
ck_c624b9063400fa3a,0.06005322203920414
ck_0ad6fa0e23c3bd0a,0.1306227905508212
ck_6ddb55b1f23c6cb1,0.009319642470109451
ck_dce1fb3acd65562f,0.004411471680402567
ck_a9aa389688ee5aea,0.016426645062583067
ck_5c5284c45d9ad8bf,0.04081759314837652
ck_9ce743dd3e92549c,0.02693151545681479
ck_8342e08cc2f9bcb7,0.011046925127368958
ck_25e551a0a8d2fcc2,0.06347577686902037
ck_d4fd0e438c97e0c7,0.09497493991781485
ck_ac7fe1c344190c50,0.00977177066375704
ck_ddd65711b5651f89,0.0033547530422687994
ck_ec7406cb5cbc8f10,0.003328737888599537
ck_1c65e8d5be3b9c60,0.35480815422053524
ck_38ee42f15a573e81,0.04570470649156222
ck_0e5385c70c6de025,0.01029916225510447
ck_d3137f0f7629040b,0.01763570783627559
ck_9129c92c12e0c8b4,0.0034557575655907633
ck_c86520a00e50a926,0.04888548605446001
ck_87f82b2b5fee757a,0.018654724953397754
ck_643abfbd7548d0c9,0.03684064951218169
ck_be51f4e5e6b85768,0.0678829402681215
ck_132c16312f37810f,0.004693913889295024
ck_c78c096ca8cb33ac,0.0022524019096666157
ck_2ce5afbc014763b8,0.034931604399942244
ck_50ed8f4e7ae6710f,0.007190851687533981
ck_5a4eb535c9a11993,0.013882726430446378
ck_9b665ef46d785324,0.014584755449605368
ck_e066f71f8b296b7a,0.007869108309924846
ck_560bc6017870ab06,0.0038470503954759574
ck_fd78f8a8663646d7,0.010071323170457742
ck_4af5ec61ddbde1a4,0.010080785845868993
ck_c2ed04a9d218410b,0.015305205110929115
ck_2455d43bbdd2bb69,0.014913475476850247
ck_56eed7041add49a1,0.24271048690932095
ck_5f0be7b468a72333,0.009323853813407432
ck_19660cec756632ca,0.011502885202788617
ck_fb90408f4892a21f,0.012749668325357719
ck_833a65b86a5d9bda,0.0032239593147490894
ck_2ac36e1dff211d38,0.0374887053505229
ck_c00e70606904539a,0.00754714844079353
ck_ba8affe4b9505a95,0.26060998138384867
ck_0c3dd22587b08018,0.021414159424889726
ck_618c4e5cfae99dcd,0.04712480317305326
ck_c9690baddfc4177e,0.003326589669881059
ck_59fae092fb0c4aa3,0.01962372888533147
ck_e03b7d0fa0b28f4b,0.006587782426092976
ck_d451d24c780b5884,0.012555328523192258
ck_e980d325b8dbb8dd,0.0017287214555189768
ck_cff18e2d8c520272,0.0036125136323199364
ck_a0e46b67e986ab56,0.01285269467291404
ck_3a469039a5b9d963,0.008301250796983729
ck_12cbb211ebd2b437,0.06320845910842957
ck_b8cdd6d6dccc4554,0.0039819695020866085
ck_794ba5921cef50c9,0.055256965868655
ck_2c7667f64edec2b5,0.008865181462026061
ck_7262b4e0c29c942d,0.01856580642832241
ck_5d818522cbfe2a54,0.04568131520759399
ck_de39c1947fb675ee,0.0534117739225546
ck_c021495606b4735e,0.008739351342255683
ck_1fc03ba33edd9e67,0.04956894006487799
ck_a6fe344bbf67f14b,0.012501378967339705
ck_963762210edc5694,0.04366280500067637
ck_d064428b7e7dc409,0.012094179048867065
ck_59be61b53d971611,0.0061238610742935275
ck_ec8738ec663cd2eb,0.013413404084789993
ck_59d086fab5998646,0.02072050076236467
ck_bd32dd3b2cbb7888,0.9880101546100595
ck_ce0166addb93bbad,0.0017427969852103803
ck_7c0fdfbb447cdc04,0.03217271390766025
ck_cb1bd7635968ed8c,0.18802466598353973
ck_66f94903177f20eb,0.010743426218879037
ck_1d7cd5dcbcdafd7b,0.4265076555979849
ck_5e418a7c04437b4a,0.10899170250090598
ck_631ea1ae91ab333e,0.029150150555143195
ck_0a8029e79a5ae7ce,0.02155560369994129
ck_c4cca8278bdad9b9,0.0009793643945962193
ck_4dec3df58077a257,0.3356094214974307
ck_609c249edd88c565,0.00756526751115593
ck_02e5f9cbbbf2f078,0.024872282544206654
ck_32e486859130458f,0.743630213233689
ck_21ed2ea6386c5a07,0.002423984421519805
ck_1242aa4496576a99,0.005803955575809918
ck_475ea9aa6d3898b7,0.04750985943751314
ck_fe1b1adae3be70a6,0.6590718455528171
ck_c5414d7a8031d4f5,0.0031102112058147852
ck_ca1f6f01868e978f,0.04280664985441675
ck_5eff0208c74ec714,0.026083779798599768
ck_a315c9619a317609,0.03808274279654649
ck_2b87683c90acb852,0.026737028107739973
ck_7cd9f39c50748ed0,0.008996574309850486
ck_16a06d58d71935bc,0.1600033512872782
ck_d116e0e7c19b878e,0.42823253861903293
ck_931510e384b1d0cb,0.0051630430159819345
ck_e7651fb87bb24132,0.003267058051983829
ck_88ef9f85948e1a01,0.0030868006159603697
ck_17bf38d51115a8f3,0.005040914096635631
ck_2659d1d3762a2825,0.014025201109243893
ck_a7285955e2852686,0.04499262117641535
ck_f2c33d5b65b321db,0.027451338948842365
ck_83e5979334345622,0.022504555543978674
ck_629537d8b4d0f395,0.011412959701723603
ck_72022008a92c9386,0.0376296622001829
ck_2973b8274f0bf69b,0.02110918612244915
ck_565e3418d2f4061c,0.011394633549689696
ck_54bb53b8f8ea32ae,0.9802315730702128
ck_af0a6540ea7a36b2,0.012530940658814438
ck_888651bfc2c8cf70,0.011161832394536733
ck_1dedcb48ac381a1c,0.1512657068133742
ck_f73273e220296be8,0.05606272986805257
ck_8424bf65223a5a9e,0.01063492048531336
ck_337b930fd149a696,0.01441979765092409
ck_8a4952de8a123ef8,0.0053191909245835995
ck_884168153c9c0c81,0.003238549268720652
ck_fdda581aec411010,0.0018463142784190584
ck_2b7cadbc8b180d32,0.8512464777693405
ck_8aa8b9968233a1ab,0.0022549275283553316
ck_0af18b3ce015d294,0.005556461007741572
ck_8dde670a735d1e90,0.25509378840604563
ck_62f46226f244139f,0.053859456078549056
ck_f948e8a8fdd79b4e,0.022287173404807185
ck_fa00aa0f3e859904,0.027247436280165974
ck_fc7935f784a4f249,0.007264984957233966
ck_e7501307c0698e5b,0.020605471899351618
ck_549ed417f2834cee,0.03766130949267625
ck_fb2a35571ec719d4,0.06507055911267955
ck_25822068c86c856f,0.0017763099179693433
ck_8f35d229b62c8f23,0.02490452188325667
ck_bdcf049c1e7d0c95,0.011284458907017736
ck_0aa9db36eb16422a,0.0031234299011236844
ck_42dcf92e9e016922,0.056296651481720306
ck_42341cf31c08c981,0.005542214634776584
ck_0b20bfc515ba42a2,0.01904587006270882
ck_0ec820b670d48098,0.0014336635685215332
ck_1f0bafec397da8e4,0.03391028463784875
ck_82f07504ab59ed33,0.05218139098760349
ck_337b24a474010abb,0.996369846927816
ck_703703bda38fdcf8,0.030161842879631872
ck_01e7960c63dca3a4,0.9092665452764369
ck_be5bd81e3715cb8f,0.741522538479964
ck_197f8058cea1fbea,0.0011754943266339489
ck_eb3fb1106f2f1b21,0.10774040722422897
ck_658b4b54be09a4bc,0.9746483220216521
ck_266ce7ccf41ccc50,0.017641570675681145
ck_110608c3b03d4038,0.5698934684008563
ck_1be8cb95d6d9bbf8,0.0038537570224732674
ck_8e16a64a776afa82,0.2565942312248121
ck_34bd190d37eda534,0.05406481740542527
ck_4f521611ae14ae66,0.0031961126282208977
ck_d839798f9520363e,0.142605798331037
ck_d1bbfd246c0ac9d5,0.04494023291867923
ck_f19030e6e85a6776,0.0659735901455682
ck_cdabe60ab59f9d5a,0.007426745757618899
ck_bb84b2b30293f566,0.5982936839562552
ck_427b91925952cb40,0.030923863404578585
ck_1078b1e155b5b640,0.008069899001296682
ck_95fdc264eac72fa0,0.0035843375827793807
ck_e35eb857c61548b2,0.5784806179499862
ck_69bd0b1abea7e1f0,0.48284072820588686
ck_59de511b20c842ba,0.0293692451338781
ck_168e7ea341a36b80,0.00788089809129034
ck_4937cfa6526ea138,0.03365730478606964
ck_bb1a981306b750ac,0.07441281189588904
ck_f42a43e4c3f34ccd,0.004684017228666477
ck_c7ae1d4b3ab38185,0.004479758103776079
ck_bd23cf9bba1dd33f,0.0652283880590792
ck_0fd826fad7ec7cd6,0.017456722199017217
ck_f143641bf3dd0414,0.04589653390392213
ck_ad6d48c20a3688a7,0.003459361490470524
ck_7bda5b5b927b2905,0.05469646574475738
ck_a337eb38eefdcc88,0.0861899194643225
ck_403da2a2d800df9f,0.1879315400144033
ck_aa01d5aafde73d0a,0.0031979172041084218
ck_494954023f0eb309,0.05429844008132849
ck_1c6820fc38135ad9,0.03544082774885996
ck_0e0bab173622db9b,0.26895779389626695
ck_547090bf35a3b243,0.015900552626229605
ck_d69455220b21dc9b,0.00974229357495372
ck_90b4ac695b9c6bf7,0.00610385641204229
ck_8d2afe17c0082e6a,0.02012052844555877
ck_926b81c0ba528eee,0.012010512573335679
ck_ce36b0c287bd198e,0.030223483665097858
ck_8026e017909aaa6c,0.0102962047610195
ck_dfba788f35d4c372,0.00710573925711363
ck_f09f9d0e0886e0c6,0.0138836105692237
ck_4ffe0366df388604,0.022748276893868855
ck_75bb521de55644c7,0.023642927955456524
ck_81a960fddf79ecf1,0.9521454034753166
ck_8f43459991ea511f,0.012336166195992548
ck_f878b68d66fbfd4b,0.0014625612168016845
ck_e84abfc0c747c9dd,0.8196588169324164
ck_3ad3fd3cceb56b66,0.8803667290486782
ck_7cf562578c7f158a,0.004320134054410031
ck_f81a97d350397306,0.02652298839430966
ck_255d87b7fb40caa5,0.018693879799045757
ck_b3905153b9eee924,0.021404944061812422
ck_2c80a592fb4cd6a3,0.0029431279416297215
ck_57deb202d4188a29,0.013472996857522852
ck_e3cb5f31d8e94448,0.9199870439595677
ck_0db62d5f7f75f80f,0.036913560739955366
ck_ced9163ea85589ea,0.04162659144901785
ck_e16528edc694fb33,0.9541840550441382
ck_78cc5ec4940fec3b,0.009577370034814566
ck_31742076e9a998f8,0.07110391322807343
ck_5ac335f02280271e,0.02962310383530597
ck_7cc2e091806cfa5b,0.03089666431631084
ck_3152c7115257f084,0.017416391147545424
ck_ab1b9d019921bca7,0.010563538550733631
ck_c33a762d98f9b290,0.00397792684537115
ck_b16a7c51b6f7a6b1,0.2194226612571474
ck_97402a153348e68f,0.008303368969172317
ck_95391029a21caa24,0.03573854921413732
ck_c2015a1200971fe9,0.02819315000116375
ck_ed4427962c68918c,0.9376509246396624
ck_c5e4a17d3efb19a4,0.2565709444882153
ck_8aec3d3dd51517c2,0.0043804741761272765
ck_f5178a658225d8e4,0.0018395766155094215
ck_8594f165e95316d2,0.0030668954229144786
ck_f0c4aac04076a6dc,0.013322611142830107
ck_ac2f7397801036ef,0.045715385541786224
ck_d1ea4bcc407c7d5e,0.008751938674616684
ck_cce8b6657a538fe0,0.03154320509851357
ck_66d0c6d6b67a8d58,0.005382124990981001
ck_1a6b30320835e57e,0.02039173762877009
ck_8cd274cc85aa35d1,0.033930780017629725
ck_ada46085a78280e4,0.02717658506322116
ck_ce1b06623e4a815e,0.0028557792689409183
ck_45e70c8a9686580c,0.07540234843760041
ck_0084d8ab6b1044f3,0.009080514130519935
ck_a5f7b6fed6df2aba,0.03857218298867776
ck_94940d783e7988e6,0.011664362008386232
ck_00f9ca84d1d8ae7a,0.0017784535585949083
ck_0deb56f3f6452818,0.0037731550040560513
ck_a58e900469dfc3f0,0.02227931224074025
ck_028c41b195280980,0.027056882808063155
ck_7661d7ceaeb19f97,0.035504886264218875
ck_6957905a65c47879,0.04069714695705858
ck_f7c6c26ef3c4ae06,0.032107941893131944
ck_8777beb11aabd66d,0.011941228639177558
ck_7db098a17374bbf8,0.9378235589516037
ck_66aeb00e44486cda,0.14979153526462496
ck_838c52cc1d315ec3,0.07261536468099193
ck_1745847cd4e5dc83,0.012109304566384082
ck_201687857ec8b3cc,0.03344813837652007
ck_81818169208a8cda,0.03417597081495621
ck_3303fd3f64632c7c,0.1162375090051414
ck_edf1096809e83ef8,0.002232309382163252
ck_235ce9603c7dccbf,0.07638854065636168
ck_9df7e153868bca13,0.005914334885643039
ck_3cfeade2cf270fee,0.026413049944995267
ck_982b0bf2e2b6c4f7,0.0044961340872849585
ck_faeb0da678bb86c0,0.0033721439017439284
ck_e86ad2fe815b6ed9,0.020887714548608025
ck_70d69e5d1bb99e85,0.028688698739830987
ck_7e9a8924eab779e6,0.9749413995472341
ck_019d5891103e7da3,0.012465227346234013
ck_14f0484b3817eda5,0.012184117007290956
ck_85de63d278f0fbae,0.0017568401841513194
ck_ae91b4cff57fb3bf,0.013743145736167273
ck_2a6d43b9f883b78e,0.4795556501916911
ck_7a4e3d553e8ab5b7,0.18272983284679062
ck_fdf89dc69f700f84,0.1691532233207515
ck_f92e04024bf13558,0.0012479016413995947
ck_4a522ca2dc4831a0,0.0008548432986042253
ck_68ba25dc3385fea1,0.0379067655391706
ck_22128a4f0d033422,0.013395245946543321
ck_5b52ee0a13c71590,0.008093792737133884
ck_59472d17debedafc,0.005859799123067488
ck_9dde2c63acda3ba3,0.019168857107396433
ck_7510b1023cd08531,0.013911936127621993
ck_071ddaaf2e4e3671,0.017099814816475097
ck_1355db6f4010232a,0.01909010688329368
ck_0a7adc2f27f98510,0.06739316360467455
ck_68250033717cd59e,0.007080059887384649
ck_7c12de74de30b788,0.5952015995950708
ck_65491367584c730c,0.02452064345080521
ck_e9047964952bee70,0.04893691555455947
ck_5567779d6ba184eb,0.03155369656485836
ck_d6ea026357ec6477,0.01829703605082316
ck_cd7dcc884e283746,0.09158415211210043
ck_0bd77fea8ed75a15,0.032756589248328916
ck_e80883208e8d0453,0.02892547333227654
ck_2ad0ecbacd5acf8e,0.9468450365890277
ck_6c1dbee7e8fdd5c8,0.011369752830144084
ck_ee4d9a7449515908,0.002293288516583097
ck_636111f7f030496c,0.004842544022370425
ck_2c629c657f73941f,0.008263138069878733
ck_c1c9d3842d758420,0.23890488498666126
ck_e4df7faacdfe8c40,0.029585478822676443
ck_94e8142728e44380,0.043032837888090376
ck_765aaf42c5088545,0.013977193247382636
ck_e0f845159b6e6a4a,0.03888256130603063
ck_5bc07deb82edbad7,0.005037044820354686
ck_713159c5c6a7a4d0,0.992011863312479
ck_b08afc91d9ca55db,0.01793857452105902
ck_a7bc323ffed2ea97,0.4782488343476192
ck_85ca825f905a34a1,0.025097493699034648
ck_33160c443d4b3f19,0.026860895581556195
ck_832d39c590a3ca75,0.825367614127402
ck_7d1661a34164406e,0.9784286723446476
ck_c2466fc40fc9d5ed,0.9656575380212447
ck_ed0e776c0926ce67,0.04647217711741931
ck_cdd2ebeec75bfa69,0.06787236098694742
ck_d7877684c7923ec3,0.013516524041520464
ck_7384d4d2406aabf4,0.018245578966738056
ck_b8e5244e650aa81b,0.030702547618989634
ck_25a1ea40b2d59254,0.002249732248579368
ck_b9e5b318ee4de68d,0.008822382833332934
ck_620d7ae27af83cea,0.01778656370712811
ck_40b4e264d1a12b83,0.8180494848781534
ck_b694c803b62862b3,0.005998139111482707
ck_cbeca201dbade3e5,0.028567885519098443
ck_f9b439c9161c3e52,0.005123458896197458
ck_9880410fcd10a28e,0.0026611001300831634
ck_74928f5f91aa12b2,0.07569179244342263
ck_b6673bbe61d2680d,0.018062933710145883
ck_53c8315b5c30acb4,0.013795378635073905
ck_78f01d78ea79642f,0.01269982844895877
ck_8582490d6e365a63,0.019387523972849572
ck_af25c72d16299258,0.005770220317920531
ck_7905fe8e257b0449,0.11535091883405924
ck_0d16d9349e4a9e08,0.007949572916433216
ck_31b16b8848584e98,0.024143668549954495
ck_67207e3eecc02d76,0.03425789632061065
ck_e6b95ff91116a592,0.011425646958768285
ck_c08f622bcd6de6e7,0.017595444669447288
ck_f9a68da9e0f0bc85,0.006965684503996548
ck_4072b59388976896,0.019534661616115907
ck_8ec86e853ad52828,0.10322885128033431
ck_4fecb87eaffd5cb5,0.004749819037677691
ck_d6880578428b965e,0.1831443547937214
ck_bfc82b3c1c9f2897,0.9405101549359564
ck_c340644176ca03e7,0.025585534066788308
ck_321e740066fb05c3,0.308268849888787
ck_8929d2eb09872052,0.06643038591472698
ck_205c107cec528414,0.22051724265136172
ck_e76db7d2562f9836,0.020970351987088392
ck_9ede51c8434cff6e,0.03553599445042883
ck_492e4b89c61b7b6c,0.023296730800544906
ck_9385f5a1eeebefcd,0.026124725380723125
ck_ee52c7bf88f952ab,0.024461322089551128
ck_d8116c34302021d7,0.0019398404177827008
ck_01645ea51972e99a,0.03829664602006658
ck_7b45ed23304a854b,0.024331552812221078
ck_2096d32f3d497ea1,0.12865614444838644
ck_dfbb2056f1ef7d3b,0.011416275080239378
ck_938ce30c864bc7df,0.002619866103831161
ck_ff30dda2c881a4bd,0.33785989138053746
ck_f88c79186a082beb,0.007564696585764825
ck_08c7bb0f9851cb76,0.052535177454342066
ck_2675e7a008e584a7,0.049401226786685466
ck_cbaf8a954281d4e3,0.9538704224331497
ck_8b24eadf6c72b30c,0.7023517102339404
ck_ffc8e3c1377d0706,0.004027805669655425
ck_5b59e859bed5b40e,0.018766178737993987
ck_7b61717f172f9317,0.9546566067336559
ck_e5c30947b732f661,0.14073468365310599
ck_bc273f3ce79f7e1a,0.013604733476739699
ck_f69e93388b3028cb,0.2168530431453466
ck_3837ad850996ba60,0.02120090687228532
ck_36d78ff3bc033ee5,0.017544127018624015
ck_5e20953547ba4135,0.15068195527751496
ck_258d661e450ac870,0.004862756336408312
ck_1df66f537496ca59,0.05977918089947311
ck_361f535599110201,0.008833037821132253
ck_337e98c69f6e7886,0.01900188001025843
ck_d3d5b2717cfc3913,0.02429529085065635
ck_b1dba768dbe7affe,0.04295980453675959
ck_92d782bd9ce0d1e3,0.04388858919066463
ck_26bd0f8898afc8ba,0.002935491709625044
ck_7916e53daab36745,0.055499353562575626
ck_2caf553b31831a50,0.010575067796704902
ck_c6200734c7f9b2f9,0.8723236779800313
ck_cdc55623cb16e6a9,0.003340792137144419
ck_57849e15b61c43b4,0.0027808316235612557
ck_b7af9b2ee0eebbc6,0.027167267058831126
ck_00aa5fc3b3bc66aa,0.25522172158910095
ck_9929723f65636c7f,0.9850397003035104
ck_8f6cce9f69912983,0.04169942605340604
ck_c422ba389ff00781,0.002472545343568618
ck_9ec7f334604a228f,0.01865429356642648
ck_5d01200ba3341462,0.024993461011028343
ck_2bf10be403849c9a,0.01236444804760299
ck_6ca018259f70858f,0.005648308436235854
ck_a54dc042ebb7c766,0.18353522335754174
ck_79da63fc100830b5,0.04066333018006275
ck_67ab6f9e05c85085,0.020992274214420223
ck_fa80da579ea9afc0,0.012778289245381496
ck_4339f86c87289222,0.7751785887463305
ck_a2299b4f530be0d6,0.24963961457567352
ck_19db0bf788697c2b,0.0241638588917508
ck_fa4211c4d826d830,0.0022854094041586414
ck_96100d5e8e051e91,0.004896677617428849
ck_5c3a671883d58b3f,0.001220188723319731
ck_2d9524787cfe1ab3,0.3372376177549924
ck_47ab8e51e5b3a2d8,0.004449517635703869
ck_c924f36bc1bbbaa3,0.01912939747964135
ck_5c58e7f8fd55e26c,0.0029219477659553775
ck_a07e7409d6d5aa06,0.03409947296562829
ck_c8413898f5f7cb7d,0.044098022229042445
ck_577c816b41cab002,0.6661778224477516
ck_9f7807ed64cdb728,0.0476844220872291
ck_495d814d6d6d521e,0.0012276997604552592
ck_7aa8bc018c2b003b,0.005091759893596617
ck_7c3a6a82f3c3241d,0.012590477969223017
ck_487f7fbc290e4ae2,0.006990589925957944
ck_e556c4d36aadbe03,0.0034405672619447197
ck_7e6569a1b2455cb0,0.0016787652451367083
ck_de2924955926d046,0.05884062469116409
ck_73d60b4630e3937a,0.007386757264604853
ck_805ee564bd35ef15,0.051626254569263355
ck_0d40961e47797027,0.010077151111850162
ck_f06d00a4f9c87d80,0.002137408936619966
ck_5ef50fb07b6737d5,0.016004045789312898
ck_16541fc15683e21c,0.016773367109921788
ck_09fd43f1b7e2eca2,0.00526517782683891
ck_2a2c336a69b8d68d,0.027469763087864214
ck_2685f38930866af0,0.053741086997063724
ck_298278a9da874437,0.011642647445219433
ck_00bd7803f2530c68,0.02664719029503091
ck_c2b4a1d8c0b6c1cd,0.001539549554760875
ck_2acb54ca20c3af6c,0.04522561987978932
ck_e3d4b6f681c783ab,0.04113773693871635
ck_f90293f1eba5d7b6,0.11575763420120877
ck_e69d27e8965df0be,0.0017154725957528154
ck_b7f5d10b427346ad,0.005752343068525732
ck_1ce20e4223a936b1,0.01574400380626845
ck_6b97d1ab90f6bdeb,0.052750896984720415
ck_e30e17db5473c7b2,0.0029733472390789275
ck_154c8efb19dee665,0.0057100474164689195
ck_6f5bb0c930644cae,0.9939993110845464
ck_9e17699baa83d173,0.004672213380836519
ck_9693b1eb70880205,0.012121638621084237
ck_1e97899875bb427b,0.005567928590473097
ck_558a82590f65df69,0.002835143718631993
ck_18df83242ff3cdbb,0.15671424143051418
ck_80ad4396e1084c68,0.06595220871537771
ck_0a993bc947bab61f,0.02496794211065734
ck_5c2d43ff841632f9,0.008671730359459036
ck_6e4b99fb9725d9fa,0.016136197757069103
ck_e0983999ca26c19e,0.10975753199364247
ck_6573c4947cc8607e,0.0346107194145049
ck_d879d645d6e44207,0.024179438111253903
ck_1375ad9f10688e4a,0.008201389955677435
ck_7501ebbf4e21f160,0.009700776911757848
ck_ca60d61cd4dc3bea,0.005301036661378628
ck_ab9ea095a5c58b4b,0.018202928723402304
ck_23756522b58df5d8,0.004314000457176039
ck_90bc176c43d85fd5,0.24251024760954928
ck_908b663b2dda94ad,0.044176261146426477
ck_4df2fb8e4b649e27,0.029030911550843648
ck_5615c6bbdef05291,0.1608187642939851
ck_b62f3e3185251f71,0.0015777002095253292
ck_38d1a22850178f33,0.0029640618182387364
ck_5b3ba20c8bb1383b,0.013213224172851666
ck_5576ffc6aaf6f22c,0.0009610483901812871
ck_cf7a022178165e56,0.004210181539962777
ck_f2c7a4c50e2ede96,0.025576572009592364
ck_285719c77eadf915,0.0028860964006005097
ck_f2aa1b677619ab19,0.008703142420515472
ck_3830c58d841e9e69,0.5459063763312515
ck_32eba3510c8eac5e,0.006870550558274926
ck_8955d7b9030d5eb5,0.002798705490625405
ck_6775e387dace7525,0.06797316267519389
ck_0a0cd7f4be606a93,0.03918716307020489
ck_a9f700eee5d638df,0.005343190873650185
ck_3d7db96995745472,0.02866733792520575
ck_aeed557007d52e9c,0.0008014432586746762
ck_79b6a86830156b5a,0.013390164614954294
ck_6a1ff9d69466181c,0.9922581563144897
ck_f11b1565f986f5e3,0.012389489442854607
ck_4819327a78615485,0.00364694883535603
ck_3ed9e081959b2f5c,0.012161015432036354
ck_16af4be191c47d3d,0.001322253275169575
ck_25122cc0e8b1a662,0.060901708484159184
ck_509c22828d467ba3,0.04205271654879508
ck_31109c899336348d,0.009666616377189019
ck_c51131e53baa59c7,0.00401603022655898
ck_cf8ecabbc61d3e11,0.00789484719203991
ck_eb6baff0f85ba936,0.020697419369125968
ck_777669e2243204f2,0.8689780663055139
ck_ac0ea27e692acdc9,0.02839666870951872
ck_4c6ea04ce8ca9e2c,0.013319735664684699
ck_ca54b32fca7e94cd,0.006821570127101009
ck_4dfd8947f540eb24,0.009980483492126418
ck_95aff1fe27fb24bb,0.03735349278327885
ck_c7550723b90e5615,0.0065106676231638265
ck_57b3fee69bdf85e8,0.005717677907251158
ck_f823407ace7ff064,0.06222667806208431
ck_a69084a068bcc8aa,0.07900008645635227
ck_c7b17f7b24bef5d7,0.028645448719312443
ck_7c4e588f927c27c8,0.035140935122064516
ck_77fdac602d0c6f95,0.05874182207314172
ck_e963d8525018d072,0.01978835392540647
ck_6e8ebaea8f7bffaf,0.002035970838539318
ck_aa42976a31cb7770,0.006949109821341204
ck_22c862a496008c96,0.9968521859995878
ck_527550dd15f38782,0.060517114607674366
ck_b3ab3c210e2c7c19,0.027831239444412705
ck_ed9c56fdb9f45ddc,0.31164233382336914
ck_b53281da70defcfa,0.018603596473467685
ck_03009b721568ee98,0.04081192509181
ck_3d9afd862b3f4053,0.34740367684463014
ck_ad3c4be96599554a,0.022987173554223084
ck_d1c787c27d50af49,0.02401364941557304
ck_c7a9c7b2eef46a99,0.008551104482423875
ck_53036d3c6c74446c,0.2534749426542611
ck_1b1efbd9c0964c8d,0.027067725603714097
ck_d66f42a269d5c1ed,0.022996832219096017
ck_fefc49a2b8ad993e,0.024489161264757538
ck_8b3b874249adece9,0.045618649843781334
ck_193d9c87ad3f1dad,0.002449230949765104
ck_0c6a50d747593b7b,0.014158117097870192
ck_c830f3830875b47a,0.017718967033238192
ck_79e202f06d8dfe42,0.043116701684615205
ck_5c0fe988b8aa7fcb,0.1471597181612658
ck_a8382d8345f21e1e,0.005541772904836932
ck_8cb20053914692d0,0.06184335205323156
ck_1da2f69023ca4c13,0.003710744078879472
ck_38abb60995114f8f,0.06179948793894884
ck_f5791fd8fd8fd191,0.02093484156593373
ck_a4e6fc391b674335,0.4922334270769978
ck_bd771efb4a7e15d0,0.008455784359293665
ck_38ba4a6b6a292054,0.07099902078136304
ck_f7a07283345a0dce,0.019259401740017335
ck_87dc484baaf5a23a,0.001511365045278721
ck_c84ef83489badbfd,0.04932552232386259
ck_a397cd64ec5d644b,0.013205090236657899
ck_7977135c2ff61e92,0.008121665182978374
ck_52174855b243a8b0,0.11927787129173387
ck_0f35e930d0614613,0.9916831412631576
ck_b170a7db522a0d6f,0.022131957140486914
ck_7af748a23775bd54,0.05642301716344038
ck_52f641c9ee6fda70,0.003962182777297219
ck_c3719a30414bbb4d,0.015274908496745876
ck_2baf214ad6bc0dbf,0.042680366853985796
ck_8b39d8aacfdd72b4,0.010353329319661582
ck_d39b0152116203be,0.02090680994504133
ck_ed33f8a937f9c7c8,0.00858251002144755
ck_8ef97b55a5fd6ec9,0.0012734662304077044
ck_8247f008a14bd1a2,0.0054405745113102364
ck_f0d349d68249d5db,0.0013945947807312846
ck_a544e766540861fc,0.006499879783863156
ck_9dfaca4c7c80b10d,0.06170578099335664
ck_7e5401c362b2216a,0.0028370185638995006
ck_64ff60c073fdb6db,0.02745004416901043
ck_fc5ea49518e5d637,0.004318232659180812
ck_580f136ced341298,0.005857904341012386
ck_9cbef9bc95449dca,0.005590693970716579
ck_e475a3b8ba870a7e,0.01961789076885441
ck_97e94708bcf43563,0.012868062953964254
ck_13f03ec785cbdae1,0.002850026773136134
ck_152820d8817f478c,0.01653584257440288
ck_d20d4ba60eec9945,0.023608707519314532
ck_5c45968a805132e0,0.047363877193594
ck_bebea2cf3063fb24,0.017746479409897924
ck_c3c69aefe7ea1d2f,0.031052121662724634
ck_02028b72f26fe855,0.021909969989310572
ck_dfadff70a58a9133,0.0023495212108489132
ck_6482ed4491bedcaf,0.006952327249366429
ck_754cd7b4a5ae3f94,0.014282585524463591
ck_3132857aec8485bc,0.0013420565276835847
ck_7ce4ca91b8f9f1c1,0.021738661949186052
ck_41938582f4351772,0.037118399584829195
ck_f87d66946252476c,0.11266560686373044
ck_8053f1879a9b4e43,0.003881856965673693
ck_93892e91387f5103,0.03926703235663818
ck_15254db133b28371,0.015301440845168046
ck_d557b9feb241b3ec,0.002369306241371235
ck_71c3a8e4c12c989f,0.010586392806529309
ck_80e3041811033443,0.028074214243245077
ck_3380d60067b4634b,0.0023448218199293505
ck_a9c2cdc758df8510,0.056467378528425996
ck_3c0031d7514da17b,0.028121984246378306
ck_18d214b1418be39d,0.0034674228746386713
ck_7ce768407fd48321,0.023868481244862714
ck_7a50abd42298133b,0.01524555090989848
ck_2db10f987d137582,0.03309129549320787
ck_e077d004cd1d80ae,0.013853455654393143
ck_1cb6dc67f9a321b5,0.1424285085478418
ck_b864f64101149c35,0.18539726702084902
ck_9bedf54df9418e4a,0.006492503829770318
ck_c47e32c47f0e6578,0.213175287959177
ck_71f382d5e338daa3,0.006542036970870054
ck_14b4bf7be6ac2b61,0.05289774015584038
ck_5c87eea1cc07cc92,0.03877782163432287
ck_5f445182829ef342,0.04327849722886356
ck_a5d7311291caaa54,0.004295173896779849
ck_b7df99aecef385e6,0.13142285452795452
ck_3327a0582407068b,0.03547450345975226
ck_08dba09fd7dab896,0.01961320879795605
ck_f4ec334be5266378,0.005800916349506648
ck_240f7f894c5a86e7,0.0043360161908703775
ck_a9d994554fc14a02,0.0008747497556076994
ck_13648cbd306eee6d,0.018393154447409892
ck_601edf9105b3c321,0.9861068604354245
ck_9527adac182abe57,0.2152056224111086
ck_4e0e80f5cc271bf7,0.0023162493924753043
ck_96a89e720176b389,0.038153149455105104
ck_63560eec94b76d2f,0.015347074457061079
ck_c9c99e5b19aeced8,0.00268122699368805
ck_bc32655ee5ed643e,0.03440710564857701
ck_edccb5a93b741744,0.02166276357259206
ck_f786cbc987b70930,0.004802013591892819
ck_0e8f26536ccc8947,0.01668252509546123
ck_b87ef4b98cfcec4c,0.04108035764405005
ck_1a9235812de4b2c1,0.01654955959919976
ck_d1ed88ea4211ba4d,0.001954151471702832
ck_a4ddac49657a4450,0.021120164517319608
ck_d9ffca35188e49d8,0.027759182687627056
ck_3db73bbe03c3d240,0.0019026452833237296
ck_fffa0622344a36ab,0.0015556438080696433
ck_148c28df51bba5e9,0.9887424529001874
ck_076cbc25c8f15fc3,0.9468085983228298
ck_e5ca550b39ed45bf,0.48723584924069524
ck_8dacf3a2061ca17d,0.027615864993332653
ck_2d7394afd61643d0,0.004698109274426517
ck_e42206e91f6a1752,0.0038925752287932323
ck_2f4f94827984c426,0.001438133080683723
ck_edfe8e90e8f4366e,0.005345004105836512
ck_646b15f753e5e9c6,0.0376763163248572
ck_66600620149c8799,0.005530131208306134
ck_4ff6fc70bccfba96,0.3311659092594185
ck_41af3729590c2484,0.014949770382494914
ck_920a48ba8c583e96,0.006732175966222017
ck_0253b3e7be021306,0.002687595126430303
ck_2ae6949246ea2648,0.016040654899401922
ck_db23a5100f338d72,0.018967010148105874
ck_fcb2a559474c3493,0.02780484076096616
ck_0a4d7acd2a53cbbd,0.010162800712734375
ck_c5d62b2b7a6f3bac,0.996138500822655
ck_cf59f4fc0ea690b2,0.0079996380654523
ck_837be8126bb19250,0.002974820885657782
ck_58955542edee1adc,0.009897003328516773
ck_1b93381d8eea58d1,0.01688309584835061
ck_97b8e05d62abdc14,0.04976054852012776
ck_71a0d645744302a3,0.01468859695712265
ck_a7b57882ab66b111,0.0032089645011813763
ck_65f76421be648549,0.014438709959845183
ck_b53ea8713d32ca7c,0.04131500301762317
ck_991c4c924a1d85ff,0.6944318660246412
ck_8432ccec1a4ec7fd,0.985629828802531
ck_64c1633297f43788,0.01703538836653159
ck_4291fd9c1161d8e1,0.01957629642213506
ck_5e98ed6391d9f429,0.034478967263310144
ck_c7baebe4549fdbb4,0.0397502247957781
ck_6e67225ba59fa5ae,0.09145726839040959
ck_719602def4d35fe0,0.01974754723566619
ck_bdee7c86f5ebe81f,0.026768651684201186
ck_8de38f8c7f91961f,0.07711435662602689
ck_b0b5bf9254700402,0.008930522923216715
ck_7b55d9bb1a250d4f,0.04298258931395064
ck_3954b7b0fd1d6614,0.0011165478251385463
ck_f29471fe7c818d6a,0.009351303331966133
ck_9e65a8a2f587691a,0.021568172887262142
ck_eaec5f1a83b66eb0,0.3133120564055725
ck_004fe0daecbe2c1a,0.005692822489204219
ck_d17653a4a2d4a79e,0.03156232489764473
ck_0dd417fcbf19e424,0.03561511574691406
ck_4c99a6eadea143e2,0.10078693848844272
ck_74d602c907ee9119,0.0038113169322117092
ck_1aa87cb62acc0ac6,0.015495414832766367
ck_094974d75e29fb2f,0.07321071275942241
ck_5ef935ac3d4d3332,0.00846084805563454
ck_b26e4ae47c9107ed,0.07465812003331149
ck_396cea6f95186ad2,0.02157136028739264
ck_48446a9e8184c7d4,0.002602937543055792
ck_31e1ede23247d56b,0.10028589070446078
ck_7afefa349b960a3e,0.03220133757372708
ck_f5e02a3432571b20,0.048133315688025737
ck_64eefec062592c43,0.010261488346638198
ck_a1201284122c141f,0.030187787800091688
ck_1b34c420a4c85a95,0.01624216574270049
ck_d637a011332ba67a,0.018551469794774563
ck_99c0004d8b7079f8,0.008073417246885648
ck_948517bad569b40f,0.08001869433241572
ck_a28d6b1601b472a6,0.02448631416400328
ck_a0b4209feb31f5c0,0.9919590795285316
ck_d6d2c1f6dfc455b6,0.41638930633829935
ck_3f9e6d356d3dd3cf,0.0030186614148853736
ck_d08e00c842b75176,0.007160562704038902
ck_bfdd232a7c5f2660,0.024867174950460886
ck_2cdad03ed069438c,0.01731277969454941
ck_42317c3eabd0a285,0.1630453974297794
ck_3eb73e56751c704d,0.02053831134701065
ck_ef33c04f4c9e3758,0.03370702443424407
ck_1dc23dc870f1773d,0.027822639906021768
ck_76091f357974a152,0.01143174547548123
ck_4d9eb75e8eee90fd,0.046608451098200755
ck_578f67e69e5d2cfd,0.0015867447044428948
ck_3a8ce1cc724229b8,0.002498131424080137
ck_a96887f841e80fc1,0.03737798126932463
ck_d2d4a8f4a9f2c33f,0.011271758309139538
ck_11f85bc705dbe036,0.03795876746966713
ck_7429b3f87528e335,0.009990314080054545
ck_26df74feac7ec51d,0.019079965346736005
ck_c78b2638fadd91ab,0.028602319559511535
ck_7eaad325abe3b50c,0.002959162163577508
ck_fd44e34af620e606,0.04159950752782867
ck_f99738dff854e25f,0.0017440369469431045
ck_1ffbce3a239bb264,0.010067834341353348
ck_96c7d52ba0a766ef,0.033414935518580255
ck_cb1c00c300af3f9e,0.01606799785311255
ck_ec3d12848ced99f2,0.007447208779979974
ck_26cfd7c3c6c7bf69,0.019719163217019553
ck_7ae86b5a885affc3,0.11793870837263642
ck_3edaa94d28cd48ea,0.003566449315386861
ck_3209c530c9812e39,0.011870569892587836
ck_ea62ebfc1f04b49a,0.008385858217486577
ck_5fc90b4668ea81bf,0.03269384607358606
ck_95654593cdebd141,0.0030329186790269704
ck_958c0bd61820147f,0.028160752951900087
ck_8440ef1386c07194,0.005623934114351598
ck_8cd1b68dd74b1375,0.12392361223757789
ck_c9eb4df91ff07f2c,0.025947662366952
ck_c29489366c01fe65,0.9476319542890234
ck_c965fd6bec0f0ecd,0.05975403258903425
ck_84c402b23766e1f2,0.028588721934221864
ck_181f3dae03b87136,0.03989791130562813
ck_022a8ae79eb28cf6,0.9362140287223726
ck_469c17407d17b706,0.036262194119870694
ck_1fcc5843f39148a9,0.00504713862630358
ck_5debd55f361b2ddf,0.0037603212797078732
ck_28cb9b03e89263f1,0.003210213278049423
ck_f067470743d3c7a2,0.06258340973542918
ck_d5d225ce41a1a762,0.023807039708180527
ck_15b4840922195ffd,0.03327548691191567
ck_6bcfa37c717f19f1,0.038427877444959846
ck_8d501a0386c66be8,0.1841904863006966
ck_1a9d6190c57ea7e2,0.28975427613401317
ck_c49832eabdac5bb7,0.003965360303443689
ck_b4331140b2e0d4aa,0.010712914084216436
ck_5efbea1befdefe1b,0.17797779656189044
ck_72ff52c4824072ce,0.03831130593660794
ck_ec3715add8bbb6e9,0.0024838052377765527
ck_9822f8ed05335741,0.01200239143406966
ck_c3d7d3d12a1981a3,0.0053793506970793515
ck_a115a7919ac5875a,0.057907594662742215
ck_4dd4ed23e0b927b7,0.31893165419320896
ck_4c76efcc1ee6762d,0.027137762842839815
ck_3ad6e7bf452c9b21,0.01920561007202083
ck_dcbab304b55a42c7,0.008708918264158262
ck_24b53090faf722cf,0.005859811252224403
ck_187317383400491d,0.004520616032792193
ck_e07fd57565c94c28,0.0634663124211078
ck_740e760fdcd27835,0.002157376226640676
ck_d3796aebda1cfed5,0.9104807274032376
ck_e541967c681cb929,0.021568699106857162
ck_431118050b834dcb,0.0005940734201012912
ck_90f3655f0c8a0074,0.0043446730866910305
ck_13cd943777651aac,0.017813268329967408
ck_66accecabf3901c0,0.028191269004309568
ck_937f0da2306b2eb9,0.005429552216506875
ck_105b0c93573fd5b7,0.06430725917506053
ck_00480407160e0743,0.0051039882583827
ck_e032068be7b77d15,0.01873707431170381
ck_991b7dfd69098320,0.0032583506064649014
ck_37d47cf0f34574a2,0.0021561165082151796
ck_011551a596544f5d,0.0040123615526083374
ck_9acd98f4fe2d474e,0.12169671671396678
ck_7c88d3d377bb61bb,0.0720580956900638
ck_e2374c7136c964fd,0.04107120203290888
ck_2fa8f2577116e9ca,0.045225947704166804
ck_d07c5b0321c685ea,0.19967292090055
ck_bc736114a31088a7,0.03197057629813148
ck_32bb42f9bff197f8,0.009316903973367943
ck_66267bbad1f1415f,0.9829854176149115
ck_19988702ccd79201,0.007125961290674794
ck_f473a03fbcdbc4b0,0.011120624971556742
ck_e3f1d85fa5d49396,0.009097000895495791
ck_c4402ea6291df271,0.0266481956041829
ck_243bd5ca8c4ae5d0,0.00678557044805773
ck_f271e855925e8d6b,0.15581054111636713
ck_e424148c6f2223df,0.006676438825200354
ck_e4d0a9e1102a58b5,0.009467614554731899
ck_91c2a5fe69b9b1d1,0.013445325672661839
ck_5fd8924732fe403e,0.1053100345347851
ck_9a881d5433126ada,0.008085413018290692
ck_73cab88b29c7845d,0.03364261682964193
ck_5b5dea6476d4e182,0.02024679473316096
ck_ccccb17d2ca6ce94,0.0625650862806352
ck_cd1dc68e441222b1,0.8926555292485222
ck_8312c49b1431a406,0.009245593049204408
ck_25fea39897f2a559,0.021388299305948325
ck_f56200205280bddf,0.06187000310733484
ck_7336611650dcc088,0.0037719292299936828
ck_590716322ff147ae,0.03138442752240693
ck_c82364d87875a1a1,0.01943056289875469
ck_fa4b60387d744fc5,0.004139300637628899
ck_d841eba8906e9a15,0.009150213835299192
ck_d6df562a79b9d0d9,0.02349885244491218
ck_59a14d2564193101,0.00684074775185165
ck_8530158e3d7f59e7,0.01010561689050047
ck_ac68d707006c12a8,0.012542483844627321
ck_976fac1bb3dd8c58,0.0172861928947796
ck_f854fba8f4adae3d,0.06205947074672858
ck_b98e9c3ec6e7d1e7,0.01164030668779247
ck_803c0b4cf9d4bc1d,0.027233788239527938
ck_76997a33c3ea5107,0.0022350380351873643
ck_f1a9d832b700bda1,0.9647509923322448
ck_2bd96ddb8c323d63,0.9767234256586532
ck_9e5b7acf51b1b743,0.02848198442786738
ck_09169f22194fd6aa,0.05022318677182891
ck_6d69e092f9b0848b,0.02329213065048635
ck_9f83fa5a2d3b9049,0.032937144565831085
ck_57bbb19eecb4b87c,0.0024074036328738902
ck_e0e9cfabb979f428,0.019653318030722466
ck_b1ff9edc51d42f97,0.004590477270497038
ck_4682fad271d47eb0,0.932657611495229
ck_ab33fb754c818ae3,0.06658954024734585
ck_b456f62b80e21557,0.0016876702484751528
ck_16340be3f2a7fffd,0.001798609138167262
ck_ce66831f6611014c,0.018012100959809537
ck_4610a073bb54d1b1,0.02662475374062157
ck_fd038a7d33a9d6e5,0.0038816119699050583
ck_c8198cb4c461304f,0.0210720225298266
ck_1e7de58822000dea,0.003797183418370242
ck_b2a79dd3df560f14,0.043248963466844155
ck_74a06f347b32347f,0.029464657053698627
ck_c6fdb2972417c9bd,0.029131408943807505
ck_d7607a213b800bfb,0.07133720786026668
ck_df65967b8b40319c,0.0018604122273584468
ck_329a73dbd585ee09,0.0038954684972710317
ck_74991a9e85c3b07d,0.017266319317745957
ck_bb76609b79e0bc9f,0.013537465502631183
ck_f7fc1bd0b9ab1fa4,0.026360552623262246
ck_d111c98b36bdb791,0.006494116012112297
ck_f07e27d125497b66,0.02188831832121303
ck_093e3a7134e11d6b,0.014560467205666075
ck_862c7953bdea48b0,0.017064207949037544
ck_392cf2cdd515c34d,0.014046816574765197
ck_80eb91b0b4001084,0.07209601128085205
ck_5923f53b77193a58,0.12819475866619318
ck_8049f5fce32be185,0.8169238604679463
ck_ebc5a2c6cf88e252,0.04020564033267091
ck_9ea5872f14cce338,0.030956817325963185
ck_f7fbc95ebf584379,0.023195231924285676
ck_bafe82c870356706,0.9697334350041045
ck_278b36c5932d9bff,0.013472267505248214
ck_6a892dd5d05c1649,0.008656354599264516
ck_0734fd90b2cabd43,0.0199879069697021
ck_9b552204498b6762,0.03139672475121752
ck_f6c909c205767956,0.028748667190777608
ck_32f590e87bc3d715,0.0004941135778940728
ck_66a8325f28be7562,0.0028365842375865312
ck_b129261da9c3c3c9,0.00393242239445585
ck_a524071c51ddde20,0.013264910750852087
ck_ba576d6d4cb6130b,0.1870403108724536
ck_8d8226520722af78,0.06550925032305398
ck_c5b0f0d4f1655a20,0.03731052146531983
ck_61814ae9b6d8eab1,0.015408772461611701
ck_382ebf136f7fa337,0.21499634834308107
ck_423ff4ede6a9f066,0.017900208360697556
ck_546ad962d04b7de4,0.9022607133088
ck_9473ea4a01c95f9a,0.07151229672994538
ck_9eb1da8cd35a50ce,0.012474364365853597
ck_de5eaa2cdbcb67ff,0.07110602310680772
ck_537cc97d0398c922,0.2511377420809834
ck_998475a2e4dfad4e,0.015742620856275324
ck_e62eb708d2688fae,0.006997912099647807
ck_ea623358f704daa7,0.0913682963049576
ck_b911a09f328dfd4b,0.005190963649737946
ck_4b3506b624e5193c,0.04953696975711234
ck_448456f96788713b,0.04953888157318252
ck_5d5ef9e75f65d076,0.022169969733550513
ck_3b74512f774a6e5a,0.007866718491238016
ck_a032e8ac1507c6df,0.6339998236605597
ck_7e2d6b22a0ae20c2,0.05869053041527864
ck_d80283209c963f11,0.015472896285558424
ck_d1157eade2ac3975,0.02028771454062057
ck_be48f583f79427f7,0.031740497980250554
ck_0027b5d4107d65d8,0.03349331818999484
ck_94fff69584dd3b2a,0.026278545065773044
ck_75fcda73f0b43557,0.0162729485838418
ck_a1c78972e4ee4082,0.014030974933446414
ck_f0982bbdbd122f91,0.00886131030735928
ck_3199b471575aeb3a,0.00755607376187037
ck_7fa947a0b1c1cf74,0.07696083731701113
ck_a60c618b7f0e4252,0.008299458803251095
ck_722ac47c8ac9b6c3,0.45146047818117147
ck_d44dc3839a195c8a,0.06108963859826485
ck_a2c3e82fab520483,0.035012469557463295
ck_6f8ae0319c07cafe,0.0047459653994115355
ck_49886ff1e2c759d6,0.02980506384302354
ck_150a1108f936e6b0,0.007142931943931869
ck_e21f9f96f597695b,0.01751030890649639
ck_7297bff2b7fdcbc8,0.0014939432413361008
ck_ee949c71f4f702eb,0.9862256171218369
ck_6fc37dea4b4f35c6,0.10522949446988629
ck_e76257caa98dc25d,0.9751552898461641
ck_828eef2334e17b3a,0.01768671587167257
ck_604e1b8a8c693aa7,0.009017828886559592
ck_7743c9fe037d1f9e,0.02072933111928551
ck_864a11202e19e812,0.05748803303259604
ck_4ec040b9e3785e4a,0.0026753093212076706
ck_7346e4f820d9c00a,0.8193665535851142
ck_48d4d63beb26b623,0.00958742943060452
ck_c423aa6de3ed1e01,0.0029085543086816595
ck_d74b2ead8aaa3f73,0.02127163385684488
ck_1dd69a11daa7bf1a,0.09270953132899291
ck_d9143e236eef177f,0.019083056473801426
ck_f790d91e5ff0eccd,0.20995017476087852
ck_69b5620e00ef5dec,0.0015978062259303513
ck_cd32e58e8a1c0e85,0.020773193100684813
ck_064013b0957d87a5,0.9869976896026569
ck_a481385c2e60dc4a,0.005596952475940147
ck_d72035cb29db3aa4,0.016069780570055384
ck_3759939a0205306d,0.024593942538902316
ck_f437a53fc832ec95,0.5063538793520093
ck_260ef2f3e6434819,0.058585585074373836
ck_35e411b05d22f663,0.021640997245019417
ck_8bf46e472f3e20de,0.11294170492692138
ck_d546994fc5d3e9d1,0.012208150291566792
ck_6ff0fc7487e737e7,0.34675933906257234
ck_5c67f27816ae0b6f,0.010133732677918318
ck_c5517923458106ae,0.009289270944933117
ck_d9735647a6b0b0a7,0.72564957376658
ck_541a734fc457246f,0.0547558893673033
ck_2f6a639468f41043,0.007421443993998557
ck_bea2cf7a6b7bb900,0.004507261600353987
ck_7eebd0e6ad6c070e,0.014507422734054526
ck_b64c87d5e3b10e6a,0.7472251496378289
ck_9dd7daacb7833233,0.03127310742299315
ck_396e9ea9a6c6d7d9,0.017798009347563218
ck_1645e6cc53fa99ff,0.026211025619857053
ck_ea2a83ccb8d57490,0.003059514619509176
ck_e64f0df63e1be595,0.05259227890038929
ck_fa0b234481cb57d3,0.031872656611215605
ck_63379e3c9fe6f711,0.030788486130012428
ck_c67f7944896a0310,0.035159715650799755
ck_c10e54c9db29e6ef,0.9924362142564799
ck_7184ad7709ae4c80,0.022775269849278024
ck_f8b6069d7577fde6,0.002999726518081279
ck_18444be153bac1ca,0.8085678540981311
ck_d0982b4e0e118e4d,0.014000694105492284
ck_6faf3e6820398866,0.010749074546082186
ck_97e980463aca4644,0.00573233179827892
ck_630c835243c66b19,0.9957772177932503
ck_fe429ba3e1aa0e4f,0.01781976990097598
ck_1058129ed7b48c59,0.030908530809041292
ck_04a1a46f07885296,0.0490276434773112
ck_f01e94331067edf6,0.019026275142584415
ck_77b2fb17c29f5e72,0.010073895958098503
ck_4f0c5857da45fb28,0.12216441120541291
ck_2cfb9a7775e8a5bc,0.9354990978298011
ck_6846100e43659bf3,0.01153389972781948
ck_f89719a854fe11d7,0.035408301566777815
ck_bf47375e41ca3bc0,0.004306312184528162
ck_2770b0400a7bef08,0.07508643081242514
ck_2a09d142de1c77ff,0.01678087971964993
ck_857a1f5547b9ad68,0.026926490406888187
ck_185f15b1523bbcf4,0.0018943948412015134
ck_ab2aed614ec1cdf8,0.03697750719602661
ck_a9e7f3b2d5dfd97b,0.012669600321738571
ck_0eeb3d9b3e697edb,0.04097507876712929
ck_fa5830d81bc8ddc1,0.005642955226307653
ck_231ae0329ebc3220,0.01044525722803524
ck_1587763dd54688c9,0.007632170698404261
ck_9f85fea4490c00cf,0.024475062098562417
ck_a2d709e7eb91e4af,0.05013856486758806
ck_43637d28c7216453,0.003276640783800782
ck_f3ab5dd853d38252,0.07233742709347692
ck_4a1f0172d3bf4fd3,0.005986060106854527
ck_517620ca16505af0,0.006193887608753053
ck_9ae904fbef56065c,0.004540523801070231
ck_d5ef1f6e34bb35b8,0.04281301796242892
ck_ff42557857ae3aeb,0.001214402405380435
ck_ad9a18f58589faa7,0.005851699038169915
ck_df1a6edaa3e6b271,0.0068805080166566696
ck_99021fe7225b5a68,0.060886456939743004
ck_99e52c3c2530b69e,0.9903993645647519
ck_3a4811dc4a1a891d,0.006089821953973697
ck_ba3a6be026c87079,0.013896754559952247
ck_da6d1e5cf6aba6fd,0.013477876355179035
ck_ddc7c1f3d45fe6e6,0.03147054850011563
ck_e1b1e7a7e4a15b3e,0.01157096315121405
ck_8288f7f226e08b89,0.017632398730404716
ck_c4524993ec31dbe5,0.005727077311619181
ck_8b19bb5b23b6741c,0.02260504205569938
ck_d21b38231a8a9f4a,0.08605823698611964
ck_3f730318a9792292,0.02736190185377838
ck_a4db6e94a8f77f9d,0.06815504773637353
ck_a8cac8d480306839,0.0018282671310200522
ck_5472214011fbc2a7,0.009893602603400284
ck_7356f47dbbbe7904,0.006762930292254316
ck_16801e628e883d78,0.012437757177763733
ck_0dc1e536231c4860,0.007217945470480534
ck_7cd0634a6e60af83,0.006823663577728782
ck_ef6f8e048ae1bd4b,0.004971776962853035
ck_82f3f744209888ac,0.026179480347947225
ck_f33188c232a03526,0.2848669686436585
ck_4a59f4e10bf45d7f,0.0017237196247461423
ck_d96c893721385e4e,0.002648658242904516
ck_f65ab819373edb37,0.01602603895755905
ck_21cac21fc10b7768,0.01131495918008182
ck_139b54e6ccbdd7da,0.051692915972250404
ck_d6f5c8741697abb3,0.014826669884538492
ck_a28d9bb5590d458f,0.07184962170336594
ck_ed26d906883bea0a,0.003772640419853435
ck_227602ad072b838b,0.00147690867684344
ck_39d5f6c17c745ab1,0.001866865861547998
ck_744eade757ba69b5,0.02399634070437396
ck_c1295d97cdf35ec2,0.007278190778608491
ck_69105f881da3c821,0.019138946108623156
ck_933789b55361d7c1,0.5633421482092031
ck_b667952253503174,0.010221780743134797
ck_7bf668e25abeeb05,0.005955294582172244
ck_91742711dfdffd56,0.03187216119239936
ck_af32a0660090dd68,0.068568690996594
ck_2122f201e65f76ee,0.014090128547810504
ck_f48acb73a5d6af07,0.04217813525104118
ck_337c5684510cf432,0.03996723979186789
ck_f7bde7265053364d,0.016149328134669686
ck_c190c7b924edba75,0.0842188818681832
ck_044fa3b3a003f0b5,0.034396615471257413
ck_87eb43e3b9d96169,0.04724741484888301
ck_2d3d6c9364362017,0.002078084322996949
ck_ac55dc6cbcdf8228,0.008381735856025536
ck_61d7b0568ec5d6cf,0.029692464078133154
ck_89c74feeaffa7d09,0.0047752317459711854
ck_93776b0c113f41f0,0.11340914543808449
ck_15e0b679931f7a8d,0.020062842730265873
ck_77b56c49cfdb1d81,0.1257955922310164
ck_73188a826b5f499f,0.011361204830533074
ck_4f463ef25325ddfa,0.24391395435302657
ck_863db2e394dc47d1,0.9827949741878793
ck_d52432ed597f3cc9,0.007281105378753002
ck_04fb61e5739642f8,0.07498455913431305
ck_2e481d75d110c06d,0.06089207183672821
ck_3fa1a523d77cd619,0.02285955602735508
ck_466dc6274fecd708,0.02488051455129412
ck_e1790b3aa2241b10,0.8626267410501358
ck_84ad096a46e1a960,0.022730270872106596
ck_3be72c9c178fa00d,0.011869343224253313
ck_5a17c89219d1d9fe,0.04614806841732463
ck_4f639f4ee6ce8d9e,0.09044753059849263
ck_f4ec4a935e51b4db,0.028863848554618824
ck_f04040a830f92bac,0.007062870056430979
ck_3e4d02a04be2aaf8,0.054535689047238226
ck_4d1baef193cfb900,0.03526157920714022
ck_0fb3153d37626b75,0.0025264943420572243
ck_88ec57a11b11f702,0.8701086525387861
ck_dca9dc465f759db4,0.010567121253993105
ck_64f5fba6af67e024,0.02481107940090749
ck_896096cb167254ef,0.035030930789028324
ck_7878679065876b98,0.0413539284974687
ck_fe8e5a6c880ceb4e,0.01626868577140537
ck_a5e036327d3d1862,0.0016100725240245153
ck_310f73940fc4cf4f,0.050413445881163144
ck_46a8db16ad00b749,0.11172839566643712
ck_0d33977c3de8cfaf,0.9898275628327442
ck_c6fff412f531db0f,0.00188846977700797
ck_bac6dadf428eaea9,0.05712464199665052
ck_1b96d9af0d7da2d5,0.016267296546758927
ck_fa8a4a9e77799fcc,0.0034622274712384324
ck_0bf48607a874b4d1,0.005150812466236451
ck_eeb75f8a6439f65e,0.03102454087295732
ck_a209a5f7d172125e,0.016786750678680296
ck_8f346b72fb40bf14,0.016258520905669233
ck_bccbf9fef367f00f,0.05754794450307743
ck_2d1548f1ee405cc9,0.013137421899804241
ck_e8298ff2dc1e9d50,0.0026246087570270743
ck_77c0fb524edb4a94,0.00567586340950236
ck_28ac4c5134cb8e77,0.032872130072328365
ck_db23a0e3e54be60c,0.7535831713655133
ck_a059d00cee5cee99,0.006164736125255786
ck_3e9e3bba8bd363af,0.006721079473548918
ck_0428728df24cdab4,0.011982917854710385
ck_88cd35378075c84f,0.001954644049106049
ck_0174d76398d9dc0f,0.03168881507336412
ck_3f1287e6c27de0dc,0.014422231436122488
ck_ff822700f3605e06,0.9984222124242526
ck_4563227b2038ae07,0.10622516086568999
ck_788e78065526ee19,0.03572218526858975
ck_8a16eb584093b12f,0.0028566937403447365
ck_cc276f71ab6c08fd,0.03299303385775187
ck_d61d97b21002f3e9,0.08357696378062121
ck_4b2e87d86a5e415c,0.10109933466499395
ck_3e6f35e4500d2f2a,0.0013728390726967868
ck_3acdb083e0d8ad61,0.004810153340834794
ck_cd655202db489010,0.004596444608966273
ck_829cbf5ccda481ae,0.01327235643738229
ck_f5882e6f98b8b4cd,0.0026383462997810847
ck_767947540b234add,0.012998463233272452
ck_a6e8e8f535b1f1d1,0.06129375871601485
ck_58412a2674fea506,0.03349177069840582
ck_fae7e518a585fa61,0.03438853562813124
ck_9c60ae6958d68dbd,0.19440625477879356
ck_328696b8f5e54ec6,0.07712629982338122
ck_7df3f8f4f1068d62,0.006076738650014612
ck_cfadd21458230ef7,0.032246800113450776
ck_7048bedd554c703b,0.004365568562152936
ck_50422466f145bfd7,0.0028585024626309654
ck_61e1f7168cd9ff25,0.06817357260644998
ck_733aff0f56f5b3c9,0.03435222290885448
ck_e14892e424180549,0.0018699123975130015
ck_03f6664a96de7d0f,0.035839268705857415
ck_b7f4baa2cc82fe61,0.012575592912672413
ck_1e51199a075ca0fa,0.004717209405626225
ck_0e70516fa07cfb17,0.9068100943442444
ck_0f37c554a5057801,0.5321393497052166
ck_5576b725de38d106,0.01636805555195883
ck_82f360df1e9f4eb8,0.10316755359447811
ck_395f3bd4aacd7ca6,0.020495527962390164
ck_5e8e857b63966609,0.526076893937373
ck_93470896f0804b6b,0.9580080662649598
ck_3be854e42e76569a,0.007083793816612583
ck_0567302c57a2417e,0.06156340859212013
ck_ee535461b5f05539,0.1385195777167383
ck_94a096c36162a153,0.019488504113950405
ck_dfc8f5c141fd7c63,0.04025173808721125
ck_98b34f2d704c1c2a,0.02406623171729588
ck_96dff7a09d45f116,0.13973506961778967
ck_79557434c129ba52,0.008740586632824671
ck_4596624a7c01d501,0.01222899970087953
ck_04e89fbd739243fa,0.003311464070801613
ck_6149ffaf18872dc8,0.0022077990721147346
ck_cd78f0832a09bd8f,0.6448936509976583
ck_7e29c10d781c3b41,0.02336286324223946
ck_1f7ee7b23fc6f2f4,0.010730953410866982
ck_c49b685d2b3ab89a,0.021211099295826694
ck_84569a8fc50e73ac,0.02268990884081339
ck_b92b11d205af91eb,0.0021373317055522647
ck_06280e6d6d2485b0,0.008021036609517872
ck_3c08546dd0c92863,0.01695568804866489
ck_99d3983f907828bf,0.009050138115345266
ck_eccfd552aa652d3c,0.012418677043633078
ck_0cff8153881875ba,0.012365314904075806
ck_c1aebbeca6ab5ff9,0.010603773531515778
ck_538fdbbb3c2bcbbb,0.05048920787524568
ck_8c0210322733c718,0.010246778538382456
ck_0b0c93039f987abc,0.022893631612153936
ck_6d07d6d1bd227d37,0.09818832329403364
ck_9b6ee35e8cd0b11c,0.00999417398328879
ck_d838491d3d4f5ecf,0.004165188864634873
ck_0593ae243a9ebee9,0.020682565741384114
ck_ef261fc09be8eb0b,0.003150493446471593
ck_d0935b571a4a3868,0.01998836971028938
ck_97d04a67a104af39,0.09279632297054712
ck_e25f70d0b7229420,0.03217912748751104
ck_9b71274ff83de482,0.9731734634226805
ck_6de2aa2bb60978d3,0.03161031791885126
ck_eda55c8fb47593d7,0.012601134434365347
ck_924e572517515f19,0.17101091200782856
ck_d6f27eacbad310f4,0.010852822970253402
ck_8550f229b5eb03ab,0.007874499122884324
ck_e3e95546a84d0ed8,0.03620057165072324
ck_3135c019696ee6af,0.983419092070219
ck_41ba315d8fccb559,0.006466057027173063
ck_72b86e4485da2d0f,0.965364568817681
ck_daaa995f3c2f0e47,0.030523690998204952
ck_053746067839696b,0.016505851568126194
ck_a15fe7d0f4b65c33,0.2915573200837779
ck_15de11438732bb05,0.011687142848400592
ck_2c4d25acbe3fabd9,0.09384770390903846
ck_7f08078908599bd2,0.06666581933458646
ck_e794741742fb2619,0.028749408965473098
ck_238e53b6dee8c301,0.002594098254635708
ck_53a6a33060d5c8b8,0.0068209909124927835
ck_0e0919292ad33472,0.6428537409358682
ck_d86ccf148c06c8c8,0.025528965473575842
ck_c881f26c9bf9ae42,0.33486294441054026
ck_4b0947bf94e9d847,0.054010747169263275
ck_e10ff5c38bd18470,0.02459655016505
ck_b60de9e97aad9e45,0.8965020980100639
ck_190bc849e5ff5401,0.03480592885036873
ck_e7be077aa0b2632c,0.003634210772309892
ck_a51abde881ebeff3,0.03015384835975683
ck_2208392a9f6bd249,0.02494840253010012
ck_0259da8f109017e9,0.004136857196817228
ck_05e01ab9c95449da,0.019370306837201194
ck_c82897ebffb6ae66,0.009663471117318816
ck_b4a6bb4689cd7cfa,0.010009496945202126
ck_9e21ea33018ce538,0.01591023382779899
ck_caa348f0e65db062,0.9892849808226055
ck_a964e6b5d8415334,0.5375442209924631
ck_510bfbbee37ff436,0.011474167108885661
ck_9741a82faf5c7889,0.018841374449012207
ck_e7f61b4a39ba98ac,0.003090814751218039
ck_069d158665a53909,0.01925341316479697
ck_6426427efe3228af,0.030252058974684307
ck_ab4a8d02ec3c0fd7,0.0010161274080617427
ck_aefa0d8d933e0eca,0.03669461654081659
ck_232325ef6bce92f1,0.01656443093471067
ck_14e58c3fb26a2b4d,0.018307042463856553
ck_06e73afdec26aecc,0.2113037019137375
ck_3168f4f2778d64e1,0.014302849413840803
ck_ff3998d6858daa21,0.0011488069785432831
ck_bccff46fb0868454,0.13539687136250006
ck_c7d444d90fa86d7c,0.5312810175558572
ck_f0bc3bdee6bfbb94,0.04382142968408139
ck_f7112818a6d81422,0.08682619466990935
ck_aca35dbcb835ad02,0.04787169668111675
ck_f637fabf0f60528f,0.018045249473010866
ck_53d17ab97de1ac3e,0.007385111926783406
ck_c8c1bf16d9113493,0.024665942058756142
ck_e842fb0cf055a83b,0.06026808452111163
ck_93c0cb3dac4891fe,0.013126280882271949
ck_0c1f088e17e46daf,0.023996168534215632
ck_8f4b384955bf57c9,0.01017066172326675
ck_09cd5c4df1e81ac2,0.038274453933574294
ck_1e832a5b2342554f,0.048737952143468294
ck_2cb763a881aee27f,0.004901725225130189
ck_5875828b11406398,0.02122814359808112
ck_48e84b0cb0b90fa7,0.021740640679010284
ck_833688de8629c5c0,0.0013238847646544706
ck_117d78ccd5820f36,0.009382381029896601
ck_668ec61c4c39cae3,0.0021287019361457197
ck_73a7794b659d7a34,0.0019917365760558667
ck_10f90d879209734f,0.01932300787191498
ck_d1d079913aa158bf,0.0036650205871001135
ck_01c631b38e8a9535,0.016113944452917136
ck_f6923088c17a04e2,0.05848306773018623
ck_b447badc9138987d,0.0022718496956550724
ck_8b772caed8f1541c,0.02506004930939557
ck_5403c76fe68a08ba,0.37398675581910307
ck_3e6833574edf1736,0.035440784529604766
ck_e527fbb9450a4581,0.9424116369385969
ck_cc90e219f1ebf390,0.0010247774977602197
